[{"__type__":"cc.SpriteFrame","content":{"name":"Hulls-SmallHullA","texture":"bcsbU8IrNEtJQaYj+wkfLL","rect":[868,274,136,148],"offset":[0,0],"originalSize":[256,256],"rotated":1,"capInsets":[0,0,0,0]}},{"__type__":"cc.SpriteFrame","content":{"name":"Projectiles-LightShell","texture":"bcsbU8IrNEtJQaYj+wkfLL","rect":[526,214,34,50],"offset":[0,0],"originalSize":[256,256],"rotated":1,"capInsets":[0,0,0,0]}},{"__type__":"cc.SpriteFrame","content":{"name":"GunConnectors-GunConnectorE","texture":"bcsbU8IrNEtJQaYj+wkfLL","rect":[196,744,98,34],"offset":[0,0],"originalSize":[256,256],"capInsets":[0,0,0,0]}},{"__type__":"cc.SpriteFrame","content":{"name":"Tracks-TrackСFrame1","texture":"bcsbU8IrNEtJQaYj+wkfLL","rect":[284,256,94,214],"offset":[0,0],"originalSize":[256,256],"capInsets":[0,0,0,0]}},{"__type__":"cc.SpriteFrame","content":{"name":"Guns-MediumGunB","texture":"bcsbU8IrNEtJQaYj+wkfLL","rect":[0,744,68,164],"offset":[0,0],"originalSize":[256,256],"rotated":1,"capInsets":[0,0,0,0]}},{"__type__":"cc.SpriteFrame","content":{"name":"Guns-SmallGunC","texture":"bcsbU8IrNEtJQaYj+wkfLL","rect":[438,214,36,88],"offset":[-1,0],"originalSize":[256,256],"rotated":1,"capInsets":[0,0,0,0]}},{"__type__":"cc.SpriteFrame","content":{"name":"Hulls-MediumHullA","texture":"bcsbU8IrNEtJQaYj+wkfLL","rect":[570,0,120,180],"offset":[0,0],"originalSize":[256,256],"capInsets":[0,0,0,0]}},{"__type__":"cc.SpriteFrame","content":{"name":"Guns-HeavyGunA","texture":"bcsbU8IrNEtJQaYj+wkfLL","rect":[296,690,120,200],"offset":[0,0],"originalSize":[256,256],"rotated":1,"capInsets":[0,0,0,0]}},{"__type__":"cc.SpriteFrame","content":{"name":"Hulls-HeavyHullB","texture":"bcsbU8IrNEtJQaYj+wkfLL","rect":[0,512,194,232],"offset":[0,0],"originalSize":[256,256],"capInsets":[0,0,0,0]}},{"__type__":"cc.SpriteFrame","content":{"name":"atom","texture":"d0qC05vt5GxLaYyB/w3t//","rect":[0,0,31,31],"offset":[0,0],"originalSize":[31,31],"capInsets":[0,0,0,0]}},{"__type__":"cc.SpriteFrame","content":{"name":"Hulls-MediumHullB","texture":"bcsbU8IrNEtJQaYj+wkfLL","rect":[280,474,150,216],"offset":[0,0],"originalSize":[256,256],"capInsets":[0,0,0,0]}},{"__type__":"cc.SpriteFrame","content":{"name":"Projectiles-Plazm","texture":"bcsbU8IrNEtJQaYj+wkfLL","rect":[576,180,56,70],"offset":[0,0],"originalSize":[256,256],"capInsets":[0,0,0,0]}},{"__type__":"cc.SpriteFrame","content":{"name":"Light","texture":"bcsbU8IrNEtJQaYj+wkfLL","rect":[430,468,192,192],"offset":[1,-1],"originalSize":[256,256],"capInsets":[0,0,0,0]}},{"__type__":"cc.SpriteFrame","content":{"name":"GunConnectors-GunConnectorA","texture":"bcsbU8IrNEtJQaYj+wkfLL","rect":[838,574,52,54],"offset":[0,0],"originalSize":[256,256],"rotated":1,"capInsets":[0,0,0,0]}},{"__type__":"cc.SpriteFrame","content":{"name":"Towers-SmallTowerC","texture":"bcsbU8IrNEtJQaYj+wkfLL","rect":[622,548,102,104],"offset":[0,1],"originalSize":[256,256],"capInsets":[0,0,0,0]}},{"__type__":"cc.SpriteFrame","content":{"name":"Projectiles-MediumShell","texture":"bcsbU8IrNEtJQaYj+wkfLL","rect":[742,502,44,70],"offset":[0,0],"originalSize":[256,256],"rotated":1,"capInsets":[0,0,0,0]}},{"__type__":"cc.SpriteFrame","content":{"name":"Towers-MediumTowerA","texture":"bcsbU8IrNEtJQaYj+wkfLL","rect":[900,574,134,120],"offset":[0,0],"originalSize":[256,256],"rotated":1,"capInsets":[0,0,0,0]}},{"__type__":"cc.SpriteFrame","content":{"name":"GunConnectors-GunConnectorC","texture":"bcsbU8IrNEtJQaYj+wkfLL","rect":[212,218,116,38],"offset":[0,0],"originalSize":[256,256],"capInsets":[0,0,0,0]}},{"__type__":"cc.SpriteFrame","content":{"name":"Projectiles-HeavyShell","texture":"bcsbU8IrNEtJQaYj+wkfLL","rect":[194,692,52,102],"offset":[0,0],"originalSize":[256,256],"rotated":1,"capInsets":[0,0,0,0]}},{"__type__":"cc.SpriteFrame","content":{"name":"Guns-MediumGunC","texture":"bcsbU8IrNEtJQaYj+wkfLL","rect":[684,446,56,164],"offset":[0,0],"originalSize":[256,256],"rotated":1,"capInsets":[0,0,0,0]}},{"__type__":"cc.SpriteFrame","content":{"name":"Towers-HeavyTowerC","texture":"bcsbU8IrNEtJQaYj+wkfLL","rect":[466,250,188,156],"offset":[0,0],"originalSize":[256,256],"rotated":1,"capInsets":[0,0,0,0]}},{"__type__":"cc.SpriteFrame","content":{"name":"Tracks-TrackAFrame1","texture":"bcsbU8IrNEtJQaYj+wkfLL","rect":[194,256,90,218],"offset":[-1,1],"originalSize":[256,256],"capInsets":[0,0,0,0]}},[{"__type__":"cc.SceneAsset","_name":"tank","scene":{"__id__":1},"asyncLoadAssets":null},{"__type__":"cc.Scene","_name":"New Node","_children":[{"__id__":2},{"__id__":4},{"__id__":9},{"__id__":34},{"__id__":53},{"__id__":72},{"__id__":91},{"__id__":110},{"__id__":129},{"__id__":148},{"__id__":167},{"__id__":186}],"_anchorPoint":{"__type__":"cc.Vec2"},"_scale":{"__type__":"cc.Vec3","x":1.0094560445134182,"y":1.0094560445134182,"z":1},"autoReleaseAssets":false},{"__type__":"cc.Node","_name":"Canvas","_parent":{"__id__":1},"_children":[{"__id__":3}],"_components":[{"__type__":"cc.Canvas","node":{"__id__":2},"_fitWidth":true,"_fitHeight":false}],"_contentSize":{"__type__":"cc.Size","width":960,"height":640},"_position":{"__type__":"cc.Vec3","x":480,"y":320},"_scale":{"__type__":"cc.Vec3","x":1,"y":1,"z":1},"_id":"58jgAfXgBMfpKmXfA7Ir39"},{"__type__":"cc.Node","_name":"Main Camera","_parent":{"__id__":2},"_level":1,"_components":[{"__type__":"cc.Camera","node":{"__id__":3},"_clearFlags":7,"_depth":-1}],"_scale":{"__type__":"cc.Vec3","x":1,"y":1,"z":1}},{"__type__":"cc.Node","_name":"NailTank","_parent":{"__id__":1},"_children":[{"__id__":5},{"__id__":7}],"_level":1,"_components":[{"__type__":"94ee8QIRc5NJI1xg4UOkVFB","node":{"__id__":4},"rootNode":{"__id__":4},"enemy":{"__id__":6},"me":{"__id__":8}}],"_prefab":{"__type__":"cc.PrefabInfo","root":{"__id__":4},"asset":{"__uuid__":"015XnvzepDZKicTorzb28j"},"fileId":"8cfUabp05JN5l1WeOl8S8U"},"_position":{"__type__":"cc.Vec3","y":245},"_scale":{"__type__":"cc.Vec3","x":1,"y":1,"z":1},"_id":"8cfUabp05JN5l1WeOl8S8U"},{"__type__":"cc.Node","_name":"enemy","_parent":{"__id__":4},"_level":2,"_components":[{"__id__":6}],"_prefab":{"__type__":"cc.PrefabInfo","root":{"__id__":4},"asset":{"__uuid__":"015XnvzepDZKicTorzb28j"},"fileId":"cfdmtrOF5Gd5pXEP1VYFvD"},"_contentSize":{"__type__":"cc.Size","width":35,"height":44},"_scale":{"__type__":"cc.Vec3","x":0.5,"y":0.5,"z":1}},{"__type__":"cc.Sprite","node":{"__id__":5}},{"__type__":"cc.Node","_name":"me","_parent":{"__id__":4},"_active":false,"_level":2,"_components":[{"__id__":8}],"_prefab":{"__type__":"cc.PrefabInfo","root":{"__id__":4},"asset":{"__uuid__":"015XnvzepDZKicTorzb28j"},"fileId":"c2Q0BPJSRL4oQNmZ1EMxL3"},"_contentSize":{"__type__":"cc.Size","width":35,"height":44},"_scale":{"__type__":"cc.Vec3","x":0.5,"y":0.5,"z":1}},{"__type__":"cc.Sprite","node":{"__id__":7}},{"__type__":"cc.Node","_name":"BaseBullet","_parent":{"__id__":1},"_children":[{"__id__":10},{"__id__":14},{"__id__":18},{"__id__":22},{"__id__":26},{"__id__":30}],"_level":1,"_components":[{"__type__":"bda69tcGdBDrLJOdhJFIRno","node":{"__id__":9},"rootNode":{"__id__":9},"sm":{"__id__":13},"md":{"__id__":17},"hv":{"__id__":21},"ls":{"__id__":25},"pz":{"__id__":29},"rk":{"__id__":33}}],"_prefab":{"__type__":"cc.PrefabInfo","root":{"__id__":9},"asset":{"__uuid__":"3brns/+3pDlpRKpBH7pdhB"},"fileId":"1atwJkhedAyp4nCD3e5ncB"},"_position":{"__type__":"cc.Vec3","x":74.7,"y":88.3},"_scale":{"__type__":"cc.Vec3","x":1,"y":1,"z":1},"_id":"1atwJkhedAyp4nCD3e5ncB"},{"__type__":"cc.Node","_name":"sm","_parent":{"__id__":9},"_children":[{"__id__":11},{"__id__":12}],"_level":3,"_components":[{"__id__":13}],"_prefab":{"__type__":"cc.PrefabInfo","root":{"__id__":9},"asset":{"__uuid__":"3brns/+3pDlpRKpBH7pdhB"},"fileId":"11/JlzQ8xKObb8N2GAROYv"},"_scale":{"__type__":"cc.Vec3","x":0.3,"y":0.3,"z":1}},{"__type__":"cc.Node","_name":"bullet","_parent":{"__id__":10},"_active":false,"_level":4,"_components":[{"__type__":"cc.Sprite","node":{"__id__":11},"_spriteFrame":{"__uuid__":"061hk87BBPMY5GNE5peBy2"}}],"_prefab":{"__type__":"cc.PrefabInfo","root":{"__id__":9},"asset":{"__uuid__":"3brns/+3pDlpRKpBH7pdhB"},"fileId":"68x3eHGnBJIayLoIWWOJWD"},"_contentSize":{"__type__":"cc.Size","width":34,"height":50},"_scale":{"__type__":"cc.Vec3","x":1,"y":1,"z":1}},{"__type__":"cc.Node","_name":"TailParticle","_parent":{"__id__":10},"_active":false,"_level":4,"_components":[{"__type__":"cc.ParticleSystem","node":{"__id__":12},"_custom":true,"_file":{"__uuid__":"b2aHrECZ5APKGS/0d2hvT1"},"_spriteFrame":{"__uuid__":"47LfXTNedBhJ5sf0G+5l7j"},"_dstBlendFactor":1,"totalParticles":999,"emissionRate":999.999985098839,"life":0.20000000298023224,"lifeVar":0.5,"_startColor":{"__type__":"cc.Color","r":202,"g":200,"b":86,"a":163},"_startColorVar":{"__type__":"cc.Color","r":229,"g":255,"b":173,"a":198},"_endColor":{"__type__":"cc.Color","r":173,"g":161,"b":19,"a":214},"_endColorVar":{"__type__":"cc.Color","r":107,"g":249,"b":249,"a":188},"angle":360,"angleVar":360,"startSize":3,"startSizeVar":30,"endSize":60,"endSizeVar":120,"startSpin":-47.369998931884766,"endSpin":-47.369998931884766,"endSpinVar":-142.11000061035156,"posVar":{"__type__":"cc.Vec2","x":7,"y":7},"positionType":2,"gravity":{"__type__":"cc.Vec2","x":0.25,"y":0.8600000143051147},"speed":0,"speedVar":190.7899932861328,"tangentialAccel":-92.11000061035156,"tangentialAccelVar":65.79000091552734,"radialAccel":-671.0499877929688,"radialAccelVar":65.79000091552734,"startRadius":100}],"_prefab":{"__type__":"cc.PrefabInfo","root":{"__id__":9},"asset":{"__uuid__":"3brns/+3pDlpRKpBH7pdhB"},"fileId":"b2Qgk1ostMsYQ1P70Pzhlg"},"_scale":{"__type__":"cc.Vec3","x":1,"y":1,"z":1}},{"__type__":"773b1aabAlDVbaMGuart/RN","node":{"__id__":10},"bulletNode":{"__id__":11},"tailNode":{"__id__":12}},{"__type__":"cc.Node","_name":"md","_parent":{"__id__":9},"_children":[{"__id__":15},{"__id__":16}],"_level":3,"_components":[{"__id__":17}],"_prefab":{"__type__":"cc.PrefabInfo","root":{"__id__":9},"asset":{"__uuid__":"3brns/+3pDlpRKpBH7pdhB"},"fileId":"46lxis4UBGoIb3H5me9PW0"},"_scale":{"__type__":"cc.Vec3","x":0.3,"y":0.3,"z":1}},{"__type__":"cc.Node","_name":"bullet","_parent":{"__id__":14},"_active":false,"_level":4,"_components":[{"__type__":"cc.Sprite","node":{"__id__":15},"_spriteFrame":{"__uuid__":"5773u0bopEc4Nc85Z/FbzI"}}],"_prefab":{"__type__":"cc.PrefabInfo","root":{"__id__":9},"asset":{"__uuid__":"3brns/+3pDlpRKpBH7pdhB"},"fileId":"db1u1pC/9G262NVnm6JjM/"},"_contentSize":{"__type__":"cc.Size","width":44,"height":70},"_scale":{"__type__":"cc.Vec3","x":1,"y":1,"z":1}},{"__type__":"cc.Node","_name":"TailParticle","_parent":{"__id__":14},"_active":false,"_level":4,"_components":[{"__type__":"cc.ParticleSystem","node":{"__id__":16},"_custom":true,"_file":{"__uuid__":"b2aHrECZ5APKGS/0d2hvT1"},"_spriteFrame":{"__uuid__":"47LfXTNedBhJ5sf0G+5l7j"},"_dstBlendFactor":1,"totalParticles":999,"emissionRate":999.999985098839,"life":0.20000000298023224,"lifeVar":0.5,"_startColor":{"__type__":"cc.Color","r":202,"g":200,"b":86,"a":163},"_startColorVar":{"__type__":"cc.Color","r":229,"g":255,"b":173,"a":198},"_endColor":{"__type__":"cc.Color","r":173,"g":161,"b":19,"a":214},"_endColorVar":{"__type__":"cc.Color","r":107,"g":249,"b":249,"a":188},"angle":360,"angleVar":360,"startSize":3,"startSizeVar":30,"endSize":60,"endSizeVar":120,"startSpin":-47.369998931884766,"endSpin":-47.369998931884766,"endSpinVar":-142.11000061035156,"posVar":{"__type__":"cc.Vec2","x":7,"y":7},"positionType":2,"gravity":{"__type__":"cc.Vec2","x":0.25,"y":0.8600000143051147},"speed":0,"speedVar":190.7899932861328,"tangentialAccel":-92.11000061035156,"tangentialAccelVar":65.79000091552734,"radialAccel":-671.0499877929688,"radialAccelVar":65.79000091552734,"startRadius":100}],"_prefab":{"__type__":"cc.PrefabInfo","root":{"__id__":9},"asset":{"__uuid__":"3brns/+3pDlpRKpBH7pdhB"},"fileId":"2asGjTecZNd67jlPin2jcq"},"_scale":{"__type__":"cc.Vec3","x":1,"y":1,"z":1}},{"__type__":"773b1aabAlDVbaMGuart/RN","node":{"__id__":14},"bulletNode":{"__id__":15},"tailNode":{"__id__":16}},{"__type__":"cc.Node","_name":"hv","_parent":{"__id__":9},"_children":[{"__id__":19},{"__id__":20}],"_level":3,"_components":[{"__id__":21}],"_prefab":{"__type__":"cc.PrefabInfo","root":{"__id__":9},"asset":{"__uuid__":"3brns/+3pDlpRKpBH7pdhB"},"fileId":"abriFFOelGxaTdzhWUXk44"},"_scale":{"__type__":"cc.Vec3","x":0.3,"y":0.3,"z":1}},{"__type__":"cc.Node","_name":"bullet","_parent":{"__id__":18},"_active":false,"_level":4,"_components":[{"__type__":"cc.Sprite","node":{"__id__":19},"_spriteFrame":{"__uuid__":"61c3aDn/RKnr8bPZTiQesp"}}],"_prefab":{"__type__":"cc.PrefabInfo","root":{"__id__":9},"asset":{"__uuid__":"3brns/+3pDlpRKpBH7pdhB"},"fileId":"91BjKI/MxMnpYkMgKhhEs8"},"_contentSize":{"__type__":"cc.Size","width":52,"height":102},"_scale":{"__type__":"cc.Vec3","x":1,"y":1,"z":1}},{"__type__":"cc.Node","_name":"TailParticle","_parent":{"__id__":18},"_active":false,"_level":4,"_components":[{"__type__":"cc.ParticleSystem","node":{"__id__":20},"_custom":true,"_file":{"__uuid__":"b2aHrECZ5APKGS/0d2hvT1"},"_spriteFrame":{"__uuid__":"47LfXTNedBhJ5sf0G+5l7j"},"_dstBlendFactor":1,"totalParticles":999,"emissionRate":999.999985098839,"life":0.20000000298023224,"lifeVar":0.5,"_startColor":{"__type__":"cc.Color","r":202,"g":200,"b":86,"a":163},"_startColorVar":{"__type__":"cc.Color","r":229,"g":255,"b":173,"a":198},"_endColor":{"__type__":"cc.Color","r":173,"g":161,"b":19,"a":214},"_endColorVar":{"__type__":"cc.Color","r":107,"g":249,"b":249,"a":188},"angle":360,"angleVar":360,"startSize":3,"startSizeVar":30,"endSize":60,"endSizeVar":120,"startSpin":-47.369998931884766,"endSpin":-47.369998931884766,"endSpinVar":-142.11000061035156,"posVar":{"__type__":"cc.Vec2","x":7,"y":7},"positionType":2,"gravity":{"__type__":"cc.Vec2","x":0.25,"y":0.8600000143051147},"speed":0,"speedVar":190.7899932861328,"tangentialAccel":-92.11000061035156,"tangentialAccelVar":65.79000091552734,"radialAccel":-671.0499877929688,"radialAccelVar":65.79000091552734,"startRadius":100}],"_prefab":{"__type__":"cc.PrefabInfo","root":{"__id__":9},"asset":{"__uuid__":"3brns/+3pDlpRKpBH7pdhB"},"fileId":"dfHIGX6wFNpJcUEK/zDCmi"},"_scale":{"__type__":"cc.Vec3","x":1,"y":1,"z":1}},{"__type__":"773b1aabAlDVbaMGuart/RN","node":{"__id__":18},"bulletNode":{"__id__":19},"tailNode":{"__id__":20}},{"__type__":"cc.Node","_name":"ls","_parent":{"__id__":9},"_children":[{"__id__":23},{"__id__":24}],"_level":3,"_components":[{"__id__":25}],"_prefab":{"__type__":"cc.PrefabInfo","root":{"__id__":9},"asset":{"__uuid__":"3brns/+3pDlpRKpBH7pdhB"},"fileId":"1dPygLoRxNFJyelrxeUb/U"},"_scale":{"__type__":"cc.Vec3","x":0.3,"y":0.3,"z":1}},{"__type__":"cc.Node","_name":"bullet","_parent":{"__id__":22},"_active":false,"_level":4,"_components":[{"__type__":"cc.Sprite","node":{"__id__":23},"_spriteFrame":{"__uuid__":"b831NiabtPlaZoKN36VRGK"}}],"_prefab":{"__type__":"cc.PrefabInfo","root":{"__id__":9},"asset":{"__uuid__":"3brns/+3pDlpRKpBH7pdhB"},"fileId":"0dgSbclrFIVp+48CfPIUdT"},"_contentSize":{"__type__":"cc.Size","width":36,"height":110},"_scale":{"__type__":"cc.Vec3","x":1,"y":1,"z":1}},{"__type__":"cc.Node","_name":"TailParticle","_parent":{"__id__":22},"_active":false,"_level":4,"_components":[{"__type__":"cc.ParticleSystem","node":{"__id__":24},"_custom":true,"_file":{"__uuid__":"b2aHrECZ5APKGS/0d2hvT1"},"_spriteFrame":{"__uuid__":"47LfXTNedBhJ5sf0G+5l7j"},"_dstBlendFactor":1,"totalParticles":999,"emissionRate":999.999985098839,"life":0.20000000298023224,"lifeVar":0.5,"_startColor":{"__type__":"cc.Color","r":202,"g":200,"b":86,"a":163},"_startColorVar":{"__type__":"cc.Color","r":229,"g":255,"b":173,"a":198},"_endColor":{"__type__":"cc.Color","r":173,"g":161,"b":19,"a":214},"_endColorVar":{"__type__":"cc.Color","r":107,"g":249,"b":249,"a":188},"angle":360,"angleVar":360,"startSize":3,"startSizeVar":30,"endSize":60,"endSizeVar":120,"startSpin":-47.369998931884766,"endSpin":-47.369998931884766,"endSpinVar":-142.11000061035156,"posVar":{"__type__":"cc.Vec2","x":7,"y":7},"positionType":2,"gravity":{"__type__":"cc.Vec2","x":0.25,"y":0.8600000143051147},"speed":0,"speedVar":190.7899932861328,"tangentialAccel":-92.11000061035156,"tangentialAccelVar":65.79000091552734,"radialAccel":-671.0499877929688,"radialAccelVar":65.79000091552734,"startRadius":100}],"_prefab":{"__type__":"cc.PrefabInfo","root":{"__id__":9},"asset":{"__uuid__":"3brns/+3pDlpRKpBH7pdhB"},"fileId":"eborMuqcRO9qTxy1nsFabb"},"_scale":{"__type__":"cc.Vec3","x":1,"y":1,"z":1}},{"__type__":"773b1aabAlDVbaMGuart/RN","node":{"__id__":22},"bulletNode":{"__id__":23},"tailNode":{"__id__":24}},{"__type__":"cc.Node","_name":"pz","_parent":{"__id__":9},"_children":[{"__id__":27},{"__id__":28}],"_level":3,"_components":[{"__id__":29}],"_prefab":{"__type__":"cc.PrefabInfo","root":{"__id__":9},"asset":{"__uuid__":"3brns/+3pDlpRKpBH7pdhB"},"fileId":"39gEFykn9CB6v2h/neEJMQ"},"_scale":{"__type__":"cc.Vec3","x":0.3,"y":0.3,"z":1}},{"__type__":"cc.Node","_name":"bullet","_parent":{"__id__":26},"_active":false,"_level":4,"_components":[{"__type__":"cc.Sprite","node":{"__id__":27},"_spriteFrame":{"__uuid__":"4ap3J8HG9P7LKNwKGXdytM"}}],"_prefab":{"__type__":"cc.PrefabInfo","root":{"__id__":9},"asset":{"__uuid__":"3brns/+3pDlpRKpBH7pdhB"},"fileId":"a2JN5toGhPra/5aKDPU4lu"},"_contentSize":{"__type__":"cc.Size","width":56,"height":70},"_scale":{"__type__":"cc.Vec3","x":1,"y":1,"z":1}},{"__type__":"cc.Node","_name":"TailParticle","_parent":{"__id__":26},"_active":false,"_level":4,"_components":[{"__type__":"cc.ParticleSystem","node":{"__id__":28},"_custom":true,"_file":{"__uuid__":"b2aHrECZ5APKGS/0d2hvT1"},"_spriteFrame":{"__uuid__":"47LfXTNedBhJ5sf0G+5l7j"},"_dstBlendFactor":1,"totalParticles":999,"emissionRate":999.999985098839,"life":0.20000000298023224,"lifeVar":0.5,"_startColor":{"__type__":"cc.Color","r":202,"g":200,"b":86,"a":163},"_startColorVar":{"__type__":"cc.Color","r":229,"g":255,"b":173,"a":198},"_endColor":{"__type__":"cc.Color","r":173,"g":161,"b":19,"a":214},"_endColorVar":{"__type__":"cc.Color","r":107,"g":249,"b":249,"a":188},"angle":360,"angleVar":360,"startSize":3,"startSizeVar":30,"endSize":60,"endSizeVar":120,"startSpin":-47.369998931884766,"endSpin":-47.369998931884766,"endSpinVar":-142.11000061035156,"posVar":{"__type__":"cc.Vec2","x":7,"y":7},"positionType":2,"gravity":{"__type__":"cc.Vec2","x":0.25,"y":0.8600000143051147},"speed":0,"speedVar":190.7899932861328,"tangentialAccel":-92.11000061035156,"tangentialAccelVar":65.79000091552734,"radialAccel":-671.0499877929688,"radialAccelVar":65.79000091552734,"startRadius":100}],"_prefab":{"__type__":"cc.PrefabInfo","root":{"__id__":9},"asset":{"__uuid__":"3brns/+3pDlpRKpBH7pdhB"},"fileId":"e89RyvuERHkoXK5GoV3vFE"},"_scale":{"__type__":"cc.Vec3","x":1,"y":1,"z":1}},{"__type__":"773b1aabAlDVbaMGuart/RN","node":{"__id__":26},"bulletNode":{"__id__":27},"tailNode":{"__id__":28}},{"__type__":"cc.Node","_name":"rk","_parent":{"__id__":9},"_children":[{"__id__":31},{"__id__":32}],"_level":3,"_components":[{"__id__":33}],"_prefab":{"__type__":"cc.PrefabInfo","root":{"__id__":9},"asset":{"__uuid__":"3brns/+3pDlpRKpBH7pdhB"},"fileId":"1cDNmy4NNO2rdeqoDpeaA/"},"_scale":{"__type__":"cc.Vec3","x":0.3,"y":0.3,"z":1}},{"__type__":"cc.Node","_name":"bullet","_parent":{"__id__":30},"_active":false,"_level":4,"_components":[{"__type__":"cc.Sprite","node":{"__id__":31},"_spriteFrame":{"__uuid__":"cappjZEHBB3ogRDDE+PdJc"}}],"_prefab":{"__type__":"cc.PrefabInfo","root":{"__id__":9},"asset":{"__uuid__":"3brns/+3pDlpRKpBH7pdhB"},"fileId":"0eDXPdLfpCEoYfv2JbJZOt"},"_contentSize":{"__type__":"cc.Size","width":58,"height":96},"_scale":{"__type__":"cc.Vec3","x":1,"y":1,"z":1}},{"__type__":"cc.Node","_name":"TailParticle","_parent":{"__id__":30},"_active":false,"_level":4,"_components":[{"__type__":"cc.ParticleSystem","node":{"__id__":32},"_custom":true,"_file":{"__uuid__":"b2aHrECZ5APKGS/0d2hvT1"},"_spriteFrame":{"__uuid__":"47LfXTNedBhJ5sf0G+5l7j"},"_dstBlendFactor":1,"totalParticles":999,"emissionRate":999.999985098839,"life":0.20000000298023224,"lifeVar":0.5,"_startColor":{"__type__":"cc.Color","r":202,"g":200,"b":86,"a":163},"_startColorVar":{"__type__":"cc.Color","r":229,"g":255,"b":173,"a":198},"_endColor":{"__type__":"cc.Color","r":173,"g":161,"b":19,"a":214},"_endColorVar":{"__type__":"cc.Color","r":107,"g":249,"b":249,"a":188},"angle":360,"angleVar":360,"startSize":3,"startSizeVar":30,"endSize":60,"endSizeVar":120,"startSpin":-47.369998931884766,"endSpin":-47.369998931884766,"endSpinVar":-142.11000061035156,"posVar":{"__type__":"cc.Vec2","x":7,"y":7},"positionType":2,"gravity":{"__type__":"cc.Vec2","x":0.25,"y":0.8600000143051147},"speed":0,"speedVar":190.7899932861328,"tangentialAccel":-92.11000061035156,"tangentialAccelVar":65.79000091552734,"radialAccel":-671.0499877929688,"radialAccelVar":65.79000091552734,"startRadius":100}],"_prefab":{"__type__":"cc.PrefabInfo","root":{"__id__":9},"asset":{"__uuid__":"3brns/+3pDlpRKpBH7pdhB"},"fileId":"e0P1tNq5BFO5Ctdik5PO0L"},"_scale":{"__type__":"cc.Vec3","x":1,"y":1,"z":1}},{"__type__":"773b1aabAlDVbaMGuart/RN","node":{"__id__":30},"bulletNode":{"__id__":31},"tailNode":{"__id__":32}},{"__type__":"cc.Node","_name":"SmallTankA","_parent":{"__id__":1},"_children":[{"__id__":35},{"__id__":37},{"__id__":43},{"__id__":47},{"__id__":51}],"_level":1,"_components":[{"__type__":"73d275oZi1B5J3PVK9kv+Fl","node":{"__id__":34},"rootNode":{"__id__":34},"tankNode":{"__id__":37},"tankHp":{"__id__":50},"light":{"__id__":39},"userNameTxt":{"__id__":36},"gridInfoTxt":{"__id__":52},"tower":{"__id__":43}}],"_prefab":{"__type__":"cc.PrefabInfo","root":{"__id__":34},"asset":{"__uuid__":"64Vi1iFyNGmJgQS/ri7GwN"},"fileId":"baVxjv4VJLH4ZFj0MhAg18"},"_position":{"__type__":"cc.Vec3","x":75.6},"_scale":{"__type__":"cc.Vec3","x":0.2,"y":0.2,"z":1},"_id":"5aUy3M06lOHqJLf/25sugw"},{"__type__":"cc.Node","_name":"UserNameTxt","_parent":{"__id__":34},"_level":2,"_components":[{"__id__":36}],"_prefab":{"__type__":"cc.PrefabInfo","root":{"__id__":34},"asset":{"__uuid__":"64Vi1iFyNGmJgQS/ri7GwN"},"fileId":"eeAz0SG25J5YqCbneG8GIY"},"_contentSize":{"__type__":"cc.Size","width":223.51,"height":60},"_position":{"__type__":"cc.Vec3","y":220},"_scale":{"__type__":"cc.Vec3","x":1,"y":1,"z":1}},{"__type__":"cc.Label","node":{"__id__":35},"_useOriginalSize":false,"_string":"liyunhan","_N$string":"liyunhan","_fontSize":60,"_lineHeight":60,"_N$horizontalAlign":1,"_N$verticalAlign":1},{"__type__":"cc.Node","_name":"TankNode","_parent":{"__id__":34},"_children":[{"__id__":38},{"__id__":40},{"__id__":41},{"__id__":42}],"_level":2,"_prefab":{"__type__":"cc.PrefabInfo","root":{"__id__":34},"asset":{"__uuid__":"64Vi1iFyNGmJgQS/ri7GwN"},"fileId":"09Cy9KON1OnKNu4ZPjwE5i"},"_scale":{"__type__":"cc.Vec3","x":1,"y":1,"z":1}},{"__type__":"cc.Node","_name":"Light","_parent":{"__id__":37},"_level":3,"_components":[{"__id__":39}],"_prefab":{"__type__":"cc.PrefabInfo","root":{"__id__":34},"asset":{"__uuid__":"64Vi1iFyNGmJgQS/ri7GwN"},"fileId":"36RxbHnxhB/4z6lWRAVO7O"},"_color":{"__type__":"cc.Color","g":74,"b":255},"_contentSize":{"__type__":"cc.Size","width":192,"height":192},"_scale":{"__type__":"cc.Vec3","x":3,"y":3,"z":1}},{"__type__":"cc.Sprite","node":{"__id__":38},"_spriteFrame":{"__uuid__":"4fUd64ES9OMKCpy1tTL2bc"}},{"__type__":"cc.Node","_name":"Track","_parent":{"__id__":37},"_level":3,"_components":[{"__type__":"cc.Sprite","node":{"__id__":40},"_spriteFrame":{"__uuid__":"6eds5f1tREEoo9mYwEHdbT"}}],"_prefab":{"__type__":"cc.PrefabInfo","root":{"__id__":34},"asset":{"__uuid__":"64Vi1iFyNGmJgQS/ri7GwN"},"fileId":"3d3jnT2RdLm4YroCE8Livg"},"_contentSize":{"__type__":"cc.Size","width":90,"height":218},"_position":{"__type__":"cc.Vec3","x":-64},"_scale":{"__type__":"cc.Vec3","x":1,"y":1,"z":1}},{"__type__":"cc.Node","_name":"Track","_parent":{"__id__":37},"_level":3,"_components":[{"__type__":"cc.Sprite","node":{"__id__":41},"_spriteFrame":{"__uuid__":"6eds5f1tREEoo9mYwEHdbT"}}],"_prefab":{"__type__":"cc.PrefabInfo","root":{"__id__":34},"asset":{"__uuid__":"64Vi1iFyNGmJgQS/ri7GwN"},"fileId":"4duz04e3xOwZQCXEoOpD4T"},"_contentSize":{"__type__":"cc.Size","width":90,"height":218},"_position":{"__type__":"cc.Vec3","x":64},"_scale":{"__type__":"cc.Vec3","x":1,"y":1,"z":1}},{"__type__":"cc.Node","_name":"Hull","_parent":{"__id__":37},"_level":3,"_components":[{"__type__":"cc.Sprite","node":{"__id__":42},"_spriteFrame":{"__uuid__":"06d8z72txAq7hma5eZH0Uz"}}],"_prefab":{"__type__":"cc.PrefabInfo","root":{"__id__":34},"asset":{"__uuid__":"64Vi1iFyNGmJgQS/ri7GwN"},"fileId":"c5Qa+spQhJvY3gtEDc1Wr7"},"_contentSize":{"__type__":"cc.Size","width":136,"height":148},"_scale":{"__type__":"cc.Vec3","x":1,"y":1,"z":1}},{"__type__":"cc.Node","_name":"Tower","_parent":{"__id__":34},"_children":[{"__id__":44},{"__id__":45},{"__id__":46}],"_level":2,"_prefab":{"__type__":"cc.PrefabInfo","root":{"__id__":34},"asset":{"__uuid__":"64Vi1iFyNGmJgQS/ri7GwN"},"fileId":"55oxU08fBHk7Lth22sE7pF"},"_scale":{"__type__":"cc.Vec3","x":1,"y":1,"z":1}},{"__type__":"cc.Node","_name":"Gun","_parent":{"__id__":43},"_level":3,"_components":[{"__type__":"cc.Sprite","node":{"__id__":44},"_spriteFrame":{"__uuid__":"8fMsSBAyFKIbtFRodZLD+F"}}],"_prefab":{"__type__":"cc.PrefabInfo","root":{"__id__":34},"asset":{"__uuid__":"64Vi1iFyNGmJgQS/ri7GwN"},"fileId":"dcSgMULxpGP4x9bzOMtjz+"},"_contentSize":{"__type__":"cc.Size","width":28,"height":98},"_position":{"__type__":"cc.Vec3","x":-0.5,"y":127},"_scale":{"__type__":"cc.Vec3","x":1,"y":1,"z":1}},{"__type__":"cc.Node","_name":"GunConnector","_parent":{"__id__":43},"_level":3,"_components":[{"__type__":"cc.Sprite","node":{"__id__":45},"_spriteFrame":{"__uuid__":"fbq9MlC1ZJxbUBHYzWzSt8"}}],"_prefab":{"__type__":"cc.PrefabInfo","root":{"__id__":34},"asset":{"__uuid__":"64Vi1iFyNGmJgQS/ri7GwN"},"fileId":"a30/XdwDRDLZ+WeZtaqNST"},"_contentSize":{"__type__":"cc.Size","width":60,"height":46},"_position":{"__type__":"cc.Vec3","y":66},"_scale":{"__type__":"cc.Vec3","x":1,"y":1,"z":1}},{"__type__":"cc.Node","_name":"Tower","_parent":{"__id__":43},"_level":3,"_components":[{"__type__":"cc.Sprite","node":{"__id__":46},"_spriteFrame":{"__uuid__":"e2NlGNqyBAy5pwKtu7lqXn"}}],"_prefab":{"__type__":"cc.PrefabInfo","root":{"__id__":34},"asset":{"__uuid__":"64Vi1iFyNGmJgQS/ri7GwN"},"fileId":"a82PszCxVFc5WAQT2fereW"},"_contentSize":{"__type__":"cc.Size","width":98,"height":98},"_scale":{"__type__":"cc.Vec3","x":1,"y":1,"z":1}},{"__type__":"cc.Node","_name":"progressBar","_parent":{"__id__":34},"_children":[{"__id__":48}],"_level":2,"_components":[{"__type__":"cc.Sprite","node":{"__id__":47},"_spriteFrame":{"__uuid__":"73hWxUKHZBvLWNP7gUUs09"},"_type":1,"_sizeMode":0},{"__id__":50}],"_prefab":{"__type__":"cc.PrefabInfo","root":{"__id__":34},"asset":{"__uuid__":"64Vi1iFyNGmJgQS/ri7GwN"},"fileId":"4dtNvGiQNJsKMoW2pp5zyv"},"_contentSize":{"__type__":"cc.Size","width":300,"height":30},"_position":{"__type__":"cc.Vec3","y":-166.5},"_scale":{"__type__":"cc.Vec3","x":1,"y":1,"z":1}},{"__type__":"cc.Node","_name":"bar","_parent":{"__id__":47},"_components":[{"__id__":49}],"_prefab":{"__type__":"cc.PrefabInfo","root":{"__id__":34},"asset":{"__uuid__":"64Vi1iFyNGmJgQS/ri7GwN"},"fileId":"17kCzHZOBLG4tFP5yBFwUr"},"_contentSize":{"__type__":"cc.Size","width":300,"height":30},"_anchorPoint":{"__type__":"cc.Vec2","y":0.5},"_position":{"__type__":"cc.Vec3","x":-150},"_scale":{"__type__":"cc.Vec3","x":1,"y":1,"z":1}},{"__type__":"cc.Sprite","node":{"__id__":48},"_spriteFrame":{"__uuid__":"ebqWDW7ehCYJ4a3tG0XVuX"},"_type":3,"_sizeMode":0,"_fillRange":0.1},{"__type__":"cc.ProgressBar","node":{"__id__":47},"_N$barSprite":{"__id__":49},"_N$mode":2,"_N$progress":0.1},{"__type__":"cc.Node","_name":"gridinfo","_parent":{"__id__":34},"_level":2,"_components":[{"__id__":52}],"_prefab":{"__type__":"cc.PrefabInfo","root":{"__id__":34},"asset":{"__uuid__":"64Vi1iFyNGmJgQS/ri7GwN"},"fileId":"a0EJk6JQxBc6i5SzF0yHwo"},"_contentSize":{"__type__":"cc.Size","width":97.87,"height":40},"_position":{"__type__":"cc.Vec3","y":-219.9},"_scale":{"__type__":"cc.Vec3","x":1,"y":1,"z":1}},{"__type__":"cc.Label","node":{"__id__":51},"_useOriginalSize":false,"_string":"Label","_N$string":"Label","_N$horizontalAlign":1,"_N$verticalAlign":1},{"__type__":"cc.Node","_name":"SmallTankB","_parent":{"__id__":1},"_children":[{"__id__":54},{"__id__":56},{"__id__":62},{"__id__":66},{"__id__":70}],"_level":1,"_components":[{"__type__":"73d275oZi1B5J3PVK9kv+Fl","node":{"__id__":53},"rootNode":{"__id__":53},"tankNode":{"__id__":56},"tankHp":{"__id__":69},"light":{"__id__":58},"userNameTxt":{"__id__":55},"gridInfoTxt":{"__id__":71},"tower":{"__id__":62}}],"_prefab":{"__type__":"cc.PrefabInfo","root":{"__id__":53},"asset":{"__uuid__":"d8IroWS7BE65/4c9MsBXDv"},"fileId":"a1Xy3AYQpKV6Xuoi4P2m+h"},"_position":{"__type__":"cc.Vec3","x":155},"_scale":{"__type__":"cc.Vec3","x":0.2,"y":0.2,"z":1},"_id":"a1Xy3AYQpKV6Xuoi4P2m+h"},{"__type__":"cc.Node","_name":"UserNameTxt","_parent":{"__id__":53},"_level":2,"_components":[{"__id__":55}],"_prefab":{"__type__":"cc.PrefabInfo","root":{"__id__":53},"asset":{"__uuid__":"d8IroWS7BE65/4c9MsBXDv"},"fileId":"aeEB6pwJtIQqBN1r4HDERt"},"_contentSize":{"__type__":"cc.Size","width":223.51,"height":60},"_position":{"__type__":"cc.Vec3","y":220},"_scale":{"__type__":"cc.Vec3","x":1,"y":1,"z":1}},{"__type__":"cc.Label","node":{"__id__":54},"_useOriginalSize":false,"_string":"liyunhan","_N$string":"liyunhan","_fontSize":60,"_lineHeight":60,"_N$horizontalAlign":1,"_N$verticalAlign":1},{"__type__":"cc.Node","_name":"TankNode","_parent":{"__id__":53},"_children":[{"__id__":57},{"__id__":59},{"__id__":60},{"__id__":61}],"_level":2,"_prefab":{"__type__":"cc.PrefabInfo","root":{"__id__":53},"asset":{"__uuid__":"d8IroWS7BE65/4c9MsBXDv"},"fileId":"1ba7lQmOdO7bGkPyRgwbYD"},"_scale":{"__type__":"cc.Vec3","x":1,"y":1,"z":1}},{"__type__":"cc.Node","_name":"Light","_parent":{"__id__":56},"_level":3,"_components":[{"__id__":58}],"_prefab":{"__type__":"cc.PrefabInfo","root":{"__id__":53},"asset":{"__uuid__":"d8IroWS7BE65/4c9MsBXDv"},"fileId":"ccZMKR121LZJQi0Kv7J8Xn"},"_color":{"__type__":"cc.Color","g":74,"b":255},"_contentSize":{"__type__":"cc.Size","width":192,"height":192},"_scale":{"__type__":"cc.Vec3","x":3,"y":3,"z":1}},{"__type__":"cc.Sprite","node":{"__id__":57},"_spriteFrame":{"__uuid__":"4fUd64ES9OMKCpy1tTL2bc"}},{"__type__":"cc.Node","_name":"Track","_parent":{"__id__":56},"_level":3,"_components":[{"__type__":"cc.Sprite","node":{"__id__":59},"_spriteFrame":{"__uuid__":"6eds5f1tREEoo9mYwEHdbT"}}],"_prefab":{"__type__":"cc.PrefabInfo","root":{"__id__":53},"asset":{"__uuid__":"d8IroWS7BE65/4c9MsBXDv"},"fileId":"00mDlCIghOfKKBBpdLqNCt"},"_contentSize":{"__type__":"cc.Size","width":90,"height":218},"_position":{"__type__":"cc.Vec3","x":-64},"_scale":{"__type__":"cc.Vec3","x":1,"y":1,"z":1}},{"__type__":"cc.Node","_name":"Track","_parent":{"__id__":56},"_level":3,"_components":[{"__type__":"cc.Sprite","node":{"__id__":60},"_spriteFrame":{"__uuid__":"6eds5f1tREEoo9mYwEHdbT"}}],"_prefab":{"__type__":"cc.PrefabInfo","root":{"__id__":53},"asset":{"__uuid__":"d8IroWS7BE65/4c9MsBXDv"},"fileId":"49NR1SjEBMCa8kUxmLtKz0"},"_contentSize":{"__type__":"cc.Size","width":90,"height":218},"_position":{"__type__":"cc.Vec3","x":64},"_scale":{"__type__":"cc.Vec3","x":1,"y":1,"z":1}},{"__type__":"cc.Node","_name":"Hull","_parent":{"__id__":56},"_level":3,"_components":[{"__type__":"cc.Sprite","node":{"__id__":61},"_spriteFrame":{"__uuid__":"caD6nPamFNTrSE0qeO0mhC"}}],"_prefab":{"__type__":"cc.PrefabInfo","root":{"__id__":53},"asset":{"__uuid__":"d8IroWS7BE65/4c9MsBXDv"},"fileId":"17cegc54dDWp27Qkrm0OdQ"},"_contentSize":{"__type__":"cc.Size","width":154,"height":158},"_scale":{"__type__":"cc.Vec3","x":1,"y":1,"z":1}},{"__type__":"cc.Node","_name":"Tower","_parent":{"__id__":53},"_children":[{"__id__":63},{"__id__":64},{"__id__":65}],"_level":2,"_prefab":{"__type__":"cc.PrefabInfo","root":{"__id__":53},"asset":{"__uuid__":"d8IroWS7BE65/4c9MsBXDv"},"fileId":"845vzbFFRGRK2KR4cKdN5j"},"_scale":{"__type__":"cc.Vec3","x":1,"y":1,"z":1}},{"__type__":"cc.Node","_name":"Gun","_parent":{"__id__":62},"_level":3,"_components":[{"__type__":"cc.Sprite","node":{"__id__":63},"_spriteFrame":{"__uuid__":"c3vZxXmOlFO4gu0HkcgmMb"}}],"_prefab":{"__type__":"cc.PrefabInfo","root":{"__id__":53},"asset":{"__uuid__":"d8IroWS7BE65/4c9MsBXDv"},"fileId":"76DXU9RmdC+5SAFQJOcPVa"},"_contentSize":{"__type__":"cc.Size","width":32,"height":68},"_position":{"__type__":"cc.Vec3","x":-0.5,"y":118.1},"_scale":{"__type__":"cc.Vec3","x":1,"y":1,"z":1}},{"__type__":"cc.Node","_name":"GunConnector","_parent":{"__id__":62},"_level":3,"_components":[{"__type__":"cc.Sprite","node":{"__id__":64},"_spriteFrame":{"__uuid__":"52w2L1CQ5JOJBQGOt84rT5"}}],"_prefab":{"__type__":"cc.PrefabInfo","root":{"__id__":53},"asset":{"__uuid__":"d8IroWS7BE65/4c9MsBXDv"},"fileId":"625ZjNgSZLkZ/bUnB7S3Iy"},"_contentSize":{"__type__":"cc.Size","width":52,"height":54},"_position":{"__type__":"cc.Vec3","y":66},"_scale":{"__type__":"cc.Vec3","x":1,"y":1,"z":1}},{"__type__":"cc.Node","_name":"Tower","_parent":{"__id__":62},"_level":3,"_components":[{"__type__":"cc.Sprite","node":{"__id__":65},"_spriteFrame":{"__uuid__":"8elO8cPIZKzY0yo7d1ZRuo"}}],"_prefab":{"__type__":"cc.PrefabInfo","root":{"__id__":53},"asset":{"__uuid__":"d8IroWS7BE65/4c9MsBXDv"},"fileId":"e2VJMIZ1JFhYpCAjlfYK6f"},"_contentSize":{"__type__":"cc.Size","width":114,"height":100},"_scale":{"__type__":"cc.Vec3","x":1,"y":1,"z":1}},{"__type__":"cc.Node","_name":"progressBar","_parent":{"__id__":53},"_children":[{"__id__":67}],"_level":2,"_components":[{"__type__":"cc.Sprite","node":{"__id__":66},"_spriteFrame":{"__uuid__":"73hWxUKHZBvLWNP7gUUs09"},"_type":1,"_sizeMode":0},{"__id__":69}],"_prefab":{"__type__":"cc.PrefabInfo","root":{"__id__":53},"asset":{"__uuid__":"d8IroWS7BE65/4c9MsBXDv"},"fileId":"33UOvaKTZAw4pBr+VsofBA"},"_contentSize":{"__type__":"cc.Size","width":300,"height":30},"_position":{"__type__":"cc.Vec3","y":-166.5},"_scale":{"__type__":"cc.Vec3","x":1,"y":1,"z":1}},{"__type__":"cc.Node","_name":"bar","_parent":{"__id__":66},"_components":[{"__id__":68}],"_prefab":{"__type__":"cc.PrefabInfo","root":{"__id__":53},"asset":{"__uuid__":"d8IroWS7BE65/4c9MsBXDv"},"fileId":"f6xhXZDUlMi44g+rBVIN9+"},"_contentSize":{"__type__":"cc.Size","width":300,"height":30},"_anchorPoint":{"__type__":"cc.Vec2","y":0.5},"_position":{"__type__":"cc.Vec3","x":-150},"_scale":{"__type__":"cc.Vec3","x":1,"y":1,"z":1}},{"__type__":"cc.Sprite","node":{"__id__":67},"_spriteFrame":{"__uuid__":"ebqWDW7ehCYJ4a3tG0XVuX"},"_type":3,"_sizeMode":0,"_fillRange":0.1},{"__type__":"cc.ProgressBar","node":{"__id__":66},"_N$barSprite":{"__id__":68},"_N$mode":2,"_N$progress":0.1},{"__type__":"cc.Node","_name":"gridinfo","_parent":{"__id__":53},"_level":2,"_components":[{"__id__":71}],"_prefab":{"__type__":"cc.PrefabInfo","root":{"__id__":53},"asset":{"__uuid__":"d8IroWS7BE65/4c9MsBXDv"},"fileId":"bePreI96tBh5hHspBS3qZw"},"_contentSize":{"__type__":"cc.Size","width":97.87,"height":40},"_position":{"__type__":"cc.Vec3","y":-219.9},"_scale":{"__type__":"cc.Vec3","x":1,"y":1,"z":1}},{"__type__":"cc.Label","node":{"__id__":70},"_useOriginalSize":false,"_string":"Label","_N$string":"Label","_N$horizontalAlign":1,"_N$verticalAlign":1},{"__type__":"cc.Node","_name":"SmallTankC","_parent":{"__id__":1},"_children":[{"__id__":73},{"__id__":75},{"__id__":81},{"__id__":85},{"__id__":89}],"_level":1,"_components":[{"__type__":"73d275oZi1B5J3PVK9kv+Fl","node":{"__id__":72},"rootNode":{"__id__":72},"tankNode":{"__id__":75},"tankHp":{"__id__":88},"light":{"__id__":77},"userNameTxt":{"__id__":74},"gridInfoTxt":{"__id__":90},"tower":{"__id__":81}}],"_prefab":{"__type__":"cc.PrefabInfo","root":{"__id__":72},"asset":{"__uuid__":"37Fd559OtPJ5nOpSsZ5dU3"},"fileId":"f7Q45So+hHC5z2ZDBsMZ2T"},"_position":{"__type__":"cc.Vec3","x":231},"_scale":{"__type__":"cc.Vec3","x":0.2,"y":0.2,"z":1},"_id":"f7Q45So+hHC5z2ZDBsMZ2T"},{"__type__":"cc.Node","_name":"UserNameTxt","_parent":{"__id__":72},"_level":2,"_components":[{"__id__":74}],"_prefab":{"__type__":"cc.PrefabInfo","root":{"__id__":72},"asset":{"__uuid__":"37Fd559OtPJ5nOpSsZ5dU3"},"fileId":"10PILs/shKn5DN3AzLPKYi"},"_contentSize":{"__type__":"cc.Size","width":223.51,"height":60},"_position":{"__type__":"cc.Vec3","y":220},"_scale":{"__type__":"cc.Vec3","x":1,"y":1,"z":1}},{"__type__":"cc.Label","node":{"__id__":73},"_useOriginalSize":false,"_string":"liyunhan","_N$string":"liyunhan","_fontSize":60,"_lineHeight":60,"_N$horizontalAlign":1,"_N$verticalAlign":1},{"__type__":"cc.Node","_name":"TankNode","_parent":{"__id__":72},"_children":[{"__id__":76},{"__id__":78},{"__id__":79},{"__id__":80}],"_level":2,"_prefab":{"__type__":"cc.PrefabInfo","root":{"__id__":72},"asset":{"__uuid__":"37Fd559OtPJ5nOpSsZ5dU3"},"fileId":"841+XJ+ndKqZ3OeRZycxXg"},"_scale":{"__type__":"cc.Vec3","x":1,"y":1,"z":1}},{"__type__":"cc.Node","_name":"Light","_parent":{"__id__":75},"_level":3,"_components":[{"__id__":77}],"_prefab":{"__type__":"cc.PrefabInfo","root":{"__id__":72},"asset":{"__uuid__":"37Fd559OtPJ5nOpSsZ5dU3"},"fileId":"54vVnGXOJCqJc8Yd9wF+kS"},"_color":{"__type__":"cc.Color","g":74,"b":255},"_contentSize":{"__type__":"cc.Size","width":192,"height":192},"_scale":{"__type__":"cc.Vec3","x":3,"y":3,"z":1}},{"__type__":"cc.Sprite","node":{"__id__":76},"_spriteFrame":{"__uuid__":"4fUd64ES9OMKCpy1tTL2bc"}},{"__type__":"cc.Node","_name":"Track","_parent":{"__id__":75},"_level":3,"_components":[{"__type__":"cc.Sprite","node":{"__id__":78},"_spriteFrame":{"__uuid__":"6eds5f1tREEoo9mYwEHdbT"}}],"_prefab":{"__type__":"cc.PrefabInfo","root":{"__id__":72},"asset":{"__uuid__":"37Fd559OtPJ5nOpSsZ5dU3"},"fileId":"d7+iuNdFtOOq1AMrVhd1Qi"},"_contentSize":{"__type__":"cc.Size","width":90,"height":218},"_position":{"__type__":"cc.Vec3","x":-64},"_scale":{"__type__":"cc.Vec3","x":1,"y":1,"z":1}},{"__type__":"cc.Node","_name":"Track","_parent":{"__id__":75},"_level":3,"_components":[{"__type__":"cc.Sprite","node":{"__id__":79},"_spriteFrame":{"__uuid__":"6eds5f1tREEoo9mYwEHdbT"}}],"_prefab":{"__type__":"cc.PrefabInfo","root":{"__id__":72},"asset":{"__uuid__":"37Fd559OtPJ5nOpSsZ5dU3"},"fileId":"09uwDxRKFETKdBMPOEHbMN"},"_contentSize":{"__type__":"cc.Size","width":90,"height":218},"_position":{"__type__":"cc.Vec3","x":64},"_scale":{"__type__":"cc.Vec3","x":1,"y":1,"z":1}},{"__type__":"cc.Node","_name":"Hull","_parent":{"__id__":75},"_level":3,"_components":[{"__type__":"cc.Sprite","node":{"__id__":80},"_spriteFrame":{"__uuid__":"f9yB++lOVPD6NlRYUVlpyh"}}],"_prefab":{"__type__":"cc.PrefabInfo","root":{"__id__":72},"asset":{"__uuid__":"37Fd559OtPJ5nOpSsZ5dU3"},"fileId":"93psdOyidBp5WuSB/Pmc8x"},"_contentSize":{"__type__":"cc.Size","width":150,"height":156},"_scale":{"__type__":"cc.Vec3","x":1,"y":1,"z":1}},{"__type__":"cc.Node","_name":"Tower","_parent":{"__id__":72},"_children":[{"__id__":82},{"__id__":83},{"__id__":84}],"_level":2,"_prefab":{"__type__":"cc.PrefabInfo","root":{"__id__":72},"asset":{"__uuid__":"37Fd559OtPJ5nOpSsZ5dU3"},"fileId":"05/tTdmMhLhpJin67QMquS"},"_scale":{"__type__":"cc.Vec3","x":1,"y":1,"z":1}},{"__type__":"cc.Node","_name":"Gun","_parent":{"__id__":81},"_level":3,"_components":[{"__type__":"cc.Sprite","node":{"__id__":82},"_spriteFrame":{"__uuid__":"24rhqxXrFJtIPhBCgldeVT"}}],"_prefab":{"__type__":"cc.PrefabInfo","root":{"__id__":72},"asset":{"__uuid__":"37Fd559OtPJ5nOpSsZ5dU3"},"fileId":"c6FRLojO9EY7cG38t/v24i"},"_contentSize":{"__type__":"cc.Size","width":36,"height":88},"_position":{"__type__":"cc.Vec3","x":-0.5,"y":127},"_scale":{"__type__":"cc.Vec3","x":1,"y":1,"z":1}},{"__type__":"cc.Node","_name":"GunConnector","_parent":{"__id__":81},"_level":3,"_components":[{"__type__":"cc.Sprite","node":{"__id__":83},"_spriteFrame":{"__uuid__":"52w2L1CQ5JOJBQGOt84rT5"}}],"_prefab":{"__type__":"cc.PrefabInfo","root":{"__id__":72},"asset":{"__uuid__":"37Fd559OtPJ5nOpSsZ5dU3"},"fileId":"15bIyH+lpBbJQPBTFodNGN"},"_contentSize":{"__type__":"cc.Size","width":52,"height":54},"_position":{"__type__":"cc.Vec3","y":66},"_scale":{"__type__":"cc.Vec3","x":1,"y":1,"z":1}},{"__type__":"cc.Node","_name":"Tower","_parent":{"__id__":81},"_level":3,"_components":[{"__type__":"cc.Sprite","node":{"__id__":84},"_spriteFrame":{"__uuid__":"55YKT1dfZJNI02cuRWb0pi"}}],"_prefab":{"__type__":"cc.PrefabInfo","root":{"__id__":72},"asset":{"__uuid__":"37Fd559OtPJ5nOpSsZ5dU3"},"fileId":"7fqY2eFtlJ76YFHmEOzehp"},"_contentSize":{"__type__":"cc.Size","width":102,"height":104},"_scale":{"__type__":"cc.Vec3","x":1,"y":1,"z":1}},{"__type__":"cc.Node","_name":"progressBar","_parent":{"__id__":72},"_children":[{"__id__":86}],"_level":2,"_components":[{"__type__":"cc.Sprite","node":{"__id__":85},"_spriteFrame":{"__uuid__":"73hWxUKHZBvLWNP7gUUs09"},"_type":1,"_sizeMode":0},{"__id__":88}],"_prefab":{"__type__":"cc.PrefabInfo","root":{"__id__":72},"asset":{"__uuid__":"37Fd559OtPJ5nOpSsZ5dU3"},"fileId":"edrc2k73xKeYV8ont24pvU"},"_contentSize":{"__type__":"cc.Size","width":300,"height":30},"_position":{"__type__":"cc.Vec3","y":-166.5},"_scale":{"__type__":"cc.Vec3","x":1,"y":1,"z":1}},{"__type__":"cc.Node","_name":"bar","_parent":{"__id__":85},"_components":[{"__id__":87}],"_prefab":{"__type__":"cc.PrefabInfo","root":{"__id__":72},"asset":{"__uuid__":"37Fd559OtPJ5nOpSsZ5dU3"},"fileId":"9dTENmFgxIorv/WCrNgRm/"},"_contentSize":{"__type__":"cc.Size","width":300,"height":30},"_anchorPoint":{"__type__":"cc.Vec2","y":0.5},"_position":{"__type__":"cc.Vec3","x":-150},"_scale":{"__type__":"cc.Vec3","x":1,"y":1,"z":1}},{"__type__":"cc.Sprite","node":{"__id__":86},"_spriteFrame":{"__uuid__":"ebqWDW7ehCYJ4a3tG0XVuX"},"_type":3,"_sizeMode":0,"_fillRange":0.1},{"__type__":"cc.ProgressBar","node":{"__id__":85},"_N$barSprite":{"__id__":87},"_N$mode":2,"_N$progress":0.1},{"__type__":"cc.Node","_name":"gridinfo","_parent":{"__id__":72},"_level":2,"_components":[{"__id__":90}],"_prefab":{"__type__":"cc.PrefabInfo","root":{"__id__":72},"asset":{"__uuid__":"37Fd559OtPJ5nOpSsZ5dU3"},"fileId":"9bluYC4RVGr4STD3RHegcL"},"_contentSize":{"__type__":"cc.Size","width":97.87,"height":40},"_position":{"__type__":"cc.Vec3","y":-219.9},"_scale":{"__type__":"cc.Vec3","x":1,"y":1,"z":1}},{"__type__":"cc.Label","node":{"__id__":89},"_useOriginalSize":false,"_string":"Label","_N$string":"Label","_N$horizontalAlign":1,"_N$verticalAlign":1},{"__type__":"cc.Node","_name":"MidTankA","_parent":{"__id__":1},"_children":[{"__id__":92},{"__id__":94},{"__id__":100},{"__id__":104},{"__id__":108}],"_level":1,"_components":[{"__type__":"73d275oZi1B5J3PVK9kv+Fl","node":{"__id__":91},"rootNode":{"__id__":91},"tankNode":{"__id__":94},"tankHp":{"__id__":107},"light":{"__id__":96},"userNameTxt":{"__id__":93},"gridInfoTxt":{"__id__":109},"tower":{"__id__":100}}],"_prefab":{"__type__":"cc.PrefabInfo","root":{"__id__":91},"asset":{"__uuid__":"6b3faTGNpDe5XxbHKVqu1c"},"fileId":"cc0xOwJa9Pu7b9gZJZvQMp"},"_position":{"__type__":"cc.Vec3","x":301},"_scale":{"__type__":"cc.Vec3","x":0.2,"y":0.2,"z":1},"_id":"cc0xOwJa9Pu7b9gZJZvQMp"},{"__type__":"cc.Node","_name":"UserNameTxt","_parent":{"__id__":91},"_level":2,"_components":[{"__id__":93}],"_prefab":{"__type__":"cc.PrefabInfo","root":{"__id__":91},"asset":{"__uuid__":"6b3faTGNpDe5XxbHKVqu1c"},"fileId":"df1jlKAzxCwIrRnBLGx/Bg"},"_contentSize":{"__type__":"cc.Size","width":223.51,"height":60},"_position":{"__type__":"cc.Vec3","y":246.5},"_scale":{"__type__":"cc.Vec3","x":1,"y":1,"z":1}},{"__type__":"cc.Label","node":{"__id__":92},"_useOriginalSize":false,"_string":"liyunhan","_N$string":"liyunhan","_fontSize":60,"_lineHeight":60,"_N$horizontalAlign":1,"_N$verticalAlign":1},{"__type__":"cc.Node","_name":"TankNode","_parent":{"__id__":91},"_children":[{"__id__":95},{"__id__":97},{"__id__":98},{"__id__":99}],"_level":2,"_prefab":{"__type__":"cc.PrefabInfo","root":{"__id__":91},"asset":{"__uuid__":"6b3faTGNpDe5XxbHKVqu1c"},"fileId":"25R8lWzI9G2p5hOosdVBFt"},"_scale":{"__type__":"cc.Vec3","x":1,"y":1,"z":1}},{"__type__":"cc.Node","_name":"Light","_parent":{"__id__":94},"_level":3,"_components":[{"__id__":96}],"_prefab":{"__type__":"cc.PrefabInfo","root":{"__id__":91},"asset":{"__uuid__":"6b3faTGNpDe5XxbHKVqu1c"},"fileId":"2cc7TZp9tB/ZlEZDS3g0lI"},"_color":{"__type__":"cc.Color","g":74,"b":255},"_contentSize":{"__type__":"cc.Size","width":192,"height":192},"_scale":{"__type__":"cc.Vec3","x":3,"y":3,"z":1}},{"__type__":"cc.Sprite","node":{"__id__":95},"_spriteFrame":{"__uuid__":"4fUd64ES9OMKCpy1tTL2bc"}},{"__type__":"cc.Node","_name":"Track","_parent":{"__id__":94},"_level":3,"_components":[{"__type__":"cc.Sprite","node":{"__id__":97},"_spriteFrame":{"__uuid__":"6eds5f1tREEoo9mYwEHdbT"}}],"_prefab":{"__type__":"cc.PrefabInfo","root":{"__id__":91},"asset":{"__uuid__":"6b3faTGNpDe5XxbHKVqu1c"},"fileId":"81PE1yPpVKXosE9dD6i1/A"},"_contentSize":{"__type__":"cc.Size","width":90,"height":218},"_position":{"__type__":"cc.Vec3","x":-64},"_scale":{"__type__":"cc.Vec3","x":1,"y":1,"z":1}},{"__type__":"cc.Node","_name":"Track","_parent":{"__id__":94},"_level":3,"_components":[{"__type__":"cc.Sprite","node":{"__id__":98},"_spriteFrame":{"__uuid__":"6eds5f1tREEoo9mYwEHdbT"}}],"_prefab":{"__type__":"cc.PrefabInfo","root":{"__id__":91},"asset":{"__uuid__":"6b3faTGNpDe5XxbHKVqu1c"},"fileId":"c5yHIeZxlJjJCyERcpFdn8"},"_contentSize":{"__type__":"cc.Size","width":90,"height":218},"_position":{"__type__":"cc.Vec3","x":64},"_scale":{"__type__":"cc.Vec3","x":1,"y":1,"z":1}},{"__type__":"cc.Node","_name":"Hull","_parent":{"__id__":94},"_level":3,"_components":[{"__type__":"cc.Sprite","node":{"__id__":99},"_spriteFrame":{"__uuid__":"25Jh+SGRRJeaEsqt4/F2d9"}}],"_prefab":{"__type__":"cc.PrefabInfo","root":{"__id__":91},"asset":{"__uuid__":"6b3faTGNpDe5XxbHKVqu1c"},"fileId":"7025aep05Flr5kh8SXr6W+"},"_contentSize":{"__type__":"cc.Size","width":120,"height":180},"_scale":{"__type__":"cc.Vec3","x":1,"y":1,"z":1}},{"__type__":"cc.Node","_name":"Tower","_parent":{"__id__":91},"_children":[{"__id__":101},{"__id__":102},{"__id__":103}],"_level":2,"_prefab":{"__type__":"cc.PrefabInfo","root":{"__id__":91},"asset":{"__uuid__":"6b3faTGNpDe5XxbHKVqu1c"},"fileId":"83WEYQ0oBA3o4Be4AnfKWl"},"_scale":{"__type__":"cc.Vec3","x":1,"y":1,"z":1}},{"__type__":"cc.Node","_name":"Gun","_parent":{"__id__":100},"_level":3,"_components":[{"__type__":"cc.Sprite","node":{"__id__":101},"_spriteFrame":{"__uuid__":"8eNBL3rLhAnoA0G2JdCd6c"}}],"_prefab":{"__type__":"cc.PrefabInfo","root":{"__id__":91},"asset":{"__uuid__":"6b3faTGNpDe5XxbHKVqu1c"},"fileId":"96Q/uun1JJtrrhhyVqwbwE"},"_contentSize":{"__type__":"cc.Size","width":64,"height":164},"_position":{"__type__":"cc.Vec3","x":4,"y":109.3},"_scale":{"__type__":"cc.Vec3","x":1,"y":1,"z":1}},{"__type__":"cc.Node","_name":"GunConnector","_parent":{"__id__":100},"_level":3,"_components":[{"__type__":"cc.Sprite","node":{"__id__":102},"_spriteFrame":{"__uuid__":"fbq9MlC1ZJxbUBHYzWzSt8"}}],"_prefab":{"__type__":"cc.PrefabInfo","root":{"__id__":91},"asset":{"__uuid__":"6b3faTGNpDe5XxbHKVqu1c"},"fileId":"6fvT6USGJOp4zCTsakFsEj"},"_contentSize":{"__type__":"cc.Size","width":60,"height":46},"_position":{"__type__":"cc.Vec3","y":20.9},"_scale":{"__type__":"cc.Vec3","x":1,"y":1,"z":1}},{"__type__":"cc.Node","_name":"Tower","_parent":{"__id__":100},"_level":3,"_components":[{"__type__":"cc.Sprite","node":{"__id__":103},"_spriteFrame":{"__uuid__":"59+7edWI9IqLISO1k9vsXj"}}],"_prefab":{"__type__":"cc.PrefabInfo","root":{"__id__":91},"asset":{"__uuid__":"6b3faTGNpDe5XxbHKVqu1c"},"fileId":"acG0EaEwhAVY/OnA0BIat4"},"_contentSize":{"__type__":"cc.Size","width":134,"height":120},"_position":{"__type__":"cc.Vec3","y":-32.6},"_scale":{"__type__":"cc.Vec3","x":1,"y":1,"z":1}},{"__type__":"cc.Node","_name":"progressBar","_parent":{"__id__":91},"_children":[{"__id__":105}],"_level":2,"_components":[{"__type__":"cc.Sprite","node":{"__id__":104},"_spriteFrame":{"__uuid__":"73hWxUKHZBvLWNP7gUUs09"},"_type":1,"_sizeMode":0},{"__id__":107}],"_prefab":{"__type__":"cc.PrefabInfo","root":{"__id__":91},"asset":{"__uuid__":"6b3faTGNpDe5XxbHKVqu1c"},"fileId":"e7OvAI5lBKv52DqH7xS+ML"},"_contentSize":{"__type__":"cc.Size","width":300,"height":30},"_position":{"__type__":"cc.Vec3","y":-166.5},"_scale":{"__type__":"cc.Vec3","x":1,"y":1,"z":1}},{"__type__":"cc.Node","_name":"bar","_parent":{"__id__":104},"_components":[{"__id__":106}],"_prefab":{"__type__":"cc.PrefabInfo","root":{"__id__":91},"asset":{"__uuid__":"6b3faTGNpDe5XxbHKVqu1c"},"fileId":"degy/3a1hHD5fdEV2vwvUg"},"_contentSize":{"__type__":"cc.Size","width":300,"height":30},"_anchorPoint":{"__type__":"cc.Vec2","y":0.5},"_position":{"__type__":"cc.Vec3","x":-150},"_scale":{"__type__":"cc.Vec3","x":1,"y":1,"z":1}},{"__type__":"cc.Sprite","node":{"__id__":105},"_spriteFrame":{"__uuid__":"ebqWDW7ehCYJ4a3tG0XVuX"},"_type":3,"_sizeMode":0,"_fillRange":0.1},{"__type__":"cc.ProgressBar","node":{"__id__":104},"_N$barSprite":{"__id__":106},"_N$mode":2,"_N$progress":0.1},{"__type__":"cc.Node","_name":"gridinfo","_parent":{"__id__":91},"_level":2,"_components":[{"__id__":109}],"_prefab":{"__type__":"cc.PrefabInfo","root":{"__id__":91},"asset":{"__uuid__":"6b3faTGNpDe5XxbHKVqu1c"},"fileId":"1eleTMVDlEEofqqKmUyQgo"},"_contentSize":{"__type__":"cc.Size","width":97.87,"height":40},"_position":{"__type__":"cc.Vec3","y":-219.9},"_scale":{"__type__":"cc.Vec3","x":1,"y":1,"z":1}},{"__type__":"cc.Label","node":{"__id__":108},"_useOriginalSize":false,"_string":"Label","_N$string":"Label","_N$horizontalAlign":1,"_N$verticalAlign":1},{"__type__":"cc.Node","_name":"MidTankB","_parent":{"__id__":1},"_children":[{"__id__":111},{"__id__":113},{"__id__":119},{"__id__":123},{"__id__":127}],"_level":1,"_components":[{"__type__":"73d275oZi1B5J3PVK9kv+Fl","node":{"__id__":110},"rootNode":{"__id__":110},"tankNode":{"__id__":113},"tankHp":{"__id__":126},"light":{"__id__":115},"userNameTxt":{"__id__":112},"gridInfoTxt":{"__id__":128},"tower":{"__id__":119}}],"_prefab":{"__type__":"cc.PrefabInfo","root":{"__id__":110},"asset":{"__uuid__":"0f+YYpbdRMTZXkkc10pnHi"},"fileId":"c7QcunVptFLrET6Oqy1s2p"},"_position":{"__type__":"cc.Vec3","x":369},"_scale":{"__type__":"cc.Vec3","x":0.2,"y":0.2,"z":1},"_id":"c7QcunVptFLrET6Oqy1s2p"},{"__type__":"cc.Node","_name":"UserNameTxt","_parent":{"__id__":110},"_level":2,"_components":[{"__id__":112}],"_prefab":{"__type__":"cc.PrefabInfo","root":{"__id__":110},"asset":{"__uuid__":"0f+YYpbdRMTZXkkc10pnHi"},"fileId":"40EjjbaYlM3Y0NlC1ZwACg"},"_contentSize":{"__type__":"cc.Size","width":223.51,"height":60},"_position":{"__type__":"cc.Vec3","y":235.1},"_scale":{"__type__":"cc.Vec3","x":1,"y":1,"z":1}},{"__type__":"cc.Label","node":{"__id__":111},"_useOriginalSize":false,"_string":"liyunhan","_N$string":"liyunhan","_fontSize":60,"_lineHeight":60,"_N$horizontalAlign":1,"_N$verticalAlign":1},{"__type__":"cc.Node","_name":"TankNode","_parent":{"__id__":110},"_children":[{"__id__":114},{"__id__":116},{"__id__":117},{"__id__":118}],"_level":2,"_prefab":{"__type__":"cc.PrefabInfo","root":{"__id__":110},"asset":{"__uuid__":"0f+YYpbdRMTZXkkc10pnHi"},"fileId":"79iNovmrZHMoOpDUHVq6u2"},"_scale":{"__type__":"cc.Vec3","x":1,"y":1,"z":1}},{"__type__":"cc.Node","_name":"Light","_parent":{"__id__":113},"_level":3,"_components":[{"__id__":115}],"_prefab":{"__type__":"cc.PrefabInfo","root":{"__id__":110},"asset":{"__uuid__":"0f+YYpbdRMTZXkkc10pnHi"},"fileId":"c1Sdlp9A5D2KFdyU5XEHjH"},"_color":{"__type__":"cc.Color","g":74,"b":255},"_contentSize":{"__type__":"cc.Size","width":192,"height":192},"_scale":{"__type__":"cc.Vec3","x":3,"y":3,"z":1}},{"__type__":"cc.Sprite","node":{"__id__":114},"_spriteFrame":{"__uuid__":"4fUd64ES9OMKCpy1tTL2bc"}},{"__type__":"cc.Node","_name":"Track","_parent":{"__id__":113},"_level":3,"_components":[{"__type__":"cc.Sprite","node":{"__id__":116},"_spriteFrame":{"__uuid__":"6eds5f1tREEoo9mYwEHdbT"}}],"_prefab":{"__type__":"cc.PrefabInfo","root":{"__id__":110},"asset":{"__uuid__":"0f+YYpbdRMTZXkkc10pnHi"},"fileId":"4bCimoYvxLSb54U8blgpYK"},"_contentSize":{"__type__":"cc.Size","width":90,"height":218},"_position":{"__type__":"cc.Vec3","x":-64},"_scale":{"__type__":"cc.Vec3","x":1,"y":1,"z":1}},{"__type__":"cc.Node","_name":"Track","_parent":{"__id__":113},"_level":3,"_components":[{"__type__":"cc.Sprite","node":{"__id__":117},"_spriteFrame":{"__uuid__":"6eds5f1tREEoo9mYwEHdbT"}}],"_prefab":{"__type__":"cc.PrefabInfo","root":{"__id__":110},"asset":{"__uuid__":"0f+YYpbdRMTZXkkc10pnHi"},"fileId":"d4Z1iRc4dCWLSANDutYjTK"},"_contentSize":{"__type__":"cc.Size","width":90,"height":218},"_position":{"__type__":"cc.Vec3","x":64},"_scale":{"__type__":"cc.Vec3","x":1,"y":1,"z":1}},{"__type__":"cc.Node","_name":"Hull","_parent":{"__id__":113},"_level":3,"_components":[{"__type__":"cc.Sprite","node":{"__id__":118},"_spriteFrame":{"__uuid__":"4aXhAF17xKMYmOeCcpn0kV"}}],"_prefab":{"__type__":"cc.PrefabInfo","root":{"__id__":110},"asset":{"__uuid__":"0f+YYpbdRMTZXkkc10pnHi"},"fileId":"9biJmWZxFPu5JO4r5H4fHh"},"_contentSize":{"__type__":"cc.Size","width":150,"height":216},"_scale":{"__type__":"cc.Vec3","x":1,"y":1,"z":1}},{"__type__":"cc.Node","_name":"Tower","_parent":{"__id__":110},"_children":[{"__id__":120},{"__id__":121},{"__id__":122}],"_level":2,"_prefab":{"__type__":"cc.PrefabInfo","root":{"__id__":110},"asset":{"__uuid__":"0f+YYpbdRMTZXkkc10pnHi"},"fileId":"2eah098nNITZi//dZpTpdg"},"_scale":{"__type__":"cc.Vec3","x":1,"y":1,"z":1}},{"__type__":"cc.Node","_name":"Gun","_parent":{"__id__":119},"_level":3,"_components":[{"__type__":"cc.Sprite","node":{"__id__":120},"_spriteFrame":{"__uuid__":"22XlZNFb1JwKPu8+9lV2zw"}}],"_prefab":{"__type__":"cc.PrefabInfo","root":{"__id__":110},"asset":{"__uuid__":"0f+YYpbdRMTZXkkc10pnHi"},"fileId":"58308YlptLPb/ZZcnhWLrS"},"_contentSize":{"__type__":"cc.Size","width":68,"height":164},"_position":{"__type__":"cc.Vec3","x":-1.5,"y":104.4},"_scale":{"__type__":"cc.Vec3","x":1,"y":1,"z":1}},{"__type__":"cc.Node","_name":"GunConnector","_parent":{"__id__":119},"_level":3,"_components":[{"__type__":"cc.Sprite","node":{"__id__":121},"_spriteFrame":{"__uuid__":"fbq9MlC1ZJxbUBHYzWzSt8"}}],"_prefab":{"__type__":"cc.PrefabInfo","root":{"__id__":110},"asset":{"__uuid__":"0f+YYpbdRMTZXkkc10pnHi"},"fileId":"48cMqtruJLR6wTV2hlAYAs"},"_contentSize":{"__type__":"cc.Size","width":60,"height":46},"_position":{"__type__":"cc.Vec3","y":30.6},"_scale":{"__type__":"cc.Vec3","x":1,"y":1,"z":1}},{"__type__":"cc.Node","_name":"Tower","_parent":{"__id__":119},"_level":3,"_components":[{"__type__":"cc.Sprite","node":{"__id__":122},"_spriteFrame":{"__uuid__":"f0lnIOD2NGqq275BZnZvY8"}}],"_prefab":{"__type__":"cc.PrefabInfo","root":{"__id__":110},"asset":{"__uuid__":"0f+YYpbdRMTZXkkc10pnHi"},"fileId":"0f252UzzlFEJea/y1l35t0"},"_contentSize":{"__type__":"cc.Size","width":168,"height":146},"_position":{"__type__":"cc.Vec3","y":-37},"_scale":{"__type__":"cc.Vec3","x":1,"y":1,"z":1}},{"__type__":"cc.Node","_name":"progressBar","_parent":{"__id__":110},"_children":[{"__id__":124}],"_level":2,"_components":[{"__type__":"cc.Sprite","node":{"__id__":123},"_spriteFrame":{"__uuid__":"73hWxUKHZBvLWNP7gUUs09"},"_type":1,"_sizeMode":0},{"__id__":126}],"_prefab":{"__type__":"cc.PrefabInfo","root":{"__id__":110},"asset":{"__uuid__":"0f+YYpbdRMTZXkkc10pnHi"},"fileId":"e5zQz3ZSdIXIw4EkrhhOLZ"},"_contentSize":{"__type__":"cc.Size","width":300,"height":30},"_position":{"__type__":"cc.Vec3","y":-166.5},"_scale":{"__type__":"cc.Vec3","x":1,"y":1,"z":1}},{"__type__":"cc.Node","_name":"bar","_parent":{"__id__":123},"_components":[{"__id__":125}],"_prefab":{"__type__":"cc.PrefabInfo","root":{"__id__":110},"asset":{"__uuid__":"0f+YYpbdRMTZXkkc10pnHi"},"fileId":"07GTnBRCpMqI3Spc/pEB0u"},"_contentSize":{"__type__":"cc.Size","width":300,"height":30},"_anchorPoint":{"__type__":"cc.Vec2","y":0.5},"_position":{"__type__":"cc.Vec3","x":-150},"_scale":{"__type__":"cc.Vec3","x":1,"y":1,"z":1}},{"__type__":"cc.Sprite","node":{"__id__":124},"_spriteFrame":{"__uuid__":"ebqWDW7ehCYJ4a3tG0XVuX"},"_type":3,"_sizeMode":0,"_fillRange":0.1},{"__type__":"cc.ProgressBar","node":{"__id__":123},"_N$barSprite":{"__id__":125},"_N$mode":2,"_N$progress":0.1},{"__type__":"cc.Node","_name":"gridinfo","_parent":{"__id__":110},"_level":2,"_components":[{"__id__":128}],"_prefab":{"__type__":"cc.PrefabInfo","root":{"__id__":110},"asset":{"__uuid__":"0f+YYpbdRMTZXkkc10pnHi"},"fileId":"a4csbXnLhAtKdYdJuW0d0j"},"_contentSize":{"__type__":"cc.Size","width":97.87,"height":40},"_position":{"__type__":"cc.Vec3","y":-219.9},"_scale":{"__type__":"cc.Vec3","x":1,"y":1,"z":1}},{"__type__":"cc.Label","node":{"__id__":127},"_useOriginalSize":false,"_string":"Label","_N$string":"Label","_N$horizontalAlign":1,"_N$verticalAlign":1},{"__type__":"cc.Node","_name":"MidTankC","_parent":{"__id__":1},"_children":[{"__id__":130},{"__id__":132},{"__id__":138},{"__id__":142},{"__id__":146}],"_level":1,"_components":[{"__type__":"73d275oZi1B5J3PVK9kv+Fl","node":{"__id__":129},"rootNode":{"__id__":129},"tankNode":{"__id__":132},"tankHp":{"__id__":145},"light":{"__id__":134},"userNameTxt":{"__id__":131},"gridInfoTxt":{"__id__":147},"tower":{"__id__":138}}],"_prefab":{"__type__":"cc.PrefabInfo","root":{"__id__":129},"asset":{"__uuid__":"caVPYP2wBLf5BoaFOAkRnP"},"fileId":"c9ZbHgfwRIR6seTko/f6Qe"},"_position":{"__type__":"cc.Vec3","x":433},"_scale":{"__type__":"cc.Vec3","x":0.2,"y":0.2,"z":1},"_id":"c9ZbHgfwRIR6seTko/f6Qe"},{"__type__":"cc.Node","_name":"UserNameTxt","_parent":{"__id__":129},"_level":2,"_components":[{"__id__":131}],"_prefab":{"__type__":"cc.PrefabInfo","root":{"__id__":129},"asset":{"__uuid__":"caVPYP2wBLf5BoaFOAkRnP"},"fileId":"a6FM3SNNtO6LN++H2zdEQg"},"_contentSize":{"__type__":"cc.Size","width":223.51,"height":60},"_position":{"__type__":"cc.Vec3","y":246.5},"_scale":{"__type__":"cc.Vec3","x":1,"y":1,"z":1}},{"__type__":"cc.Label","node":{"__id__":130},"_useOriginalSize":false,"_string":"liyunhan","_N$string":"liyunhan","_fontSize":60,"_lineHeight":60,"_N$horizontalAlign":1,"_N$verticalAlign":1},{"__type__":"cc.Node","_name":"TankNode","_parent":{"__id__":129},"_children":[{"__id__":133},{"__id__":135},{"__id__":136},{"__id__":137}],"_level":2,"_prefab":{"__type__":"cc.PrefabInfo","root":{"__id__":129},"asset":{"__uuid__":"caVPYP2wBLf5BoaFOAkRnP"},"fileId":"29qk1qqbROM7wL2V9eqzfl"},"_scale":{"__type__":"cc.Vec3","x":1,"y":1,"z":1}},{"__type__":"cc.Node","_name":"Light","_parent":{"__id__":132},"_level":3,"_components":[{"__id__":134}],"_prefab":{"__type__":"cc.PrefabInfo","root":{"__id__":129},"asset":{"__uuid__":"caVPYP2wBLf5BoaFOAkRnP"},"fileId":"553F+q5IBFrIxTU4sjoNkE"},"_color":{"__type__":"cc.Color","g":74,"b":255},"_contentSize":{"__type__":"cc.Size","width":192,"height":192},"_scale":{"__type__":"cc.Vec3","x":3,"y":3,"z":1}},{"__type__":"cc.Sprite","node":{"__id__":133},"_spriteFrame":{"__uuid__":"4fUd64ES9OMKCpy1tTL2bc"}},{"__type__":"cc.Node","_name":"Track","_parent":{"__id__":132},"_level":3,"_components":[{"__type__":"cc.Sprite","node":{"__id__":135},"_spriteFrame":{"__uuid__":"e1mss4mSlLqqjVPkFY+r27"}}],"_prefab":{"__type__":"cc.PrefabInfo","root":{"__id__":129},"asset":{"__uuid__":"caVPYP2wBLf5BoaFOAkRnP"},"fileId":"0fkwsZtypLwrfer9/FMdx5"},"_contentSize":{"__type__":"cc.Size","width":86,"height":218},"_position":{"__type__":"cc.Vec3","x":-64},"_scale":{"__type__":"cc.Vec3","x":1,"y":1,"z":1}},{"__type__":"cc.Node","_name":"Track","_parent":{"__id__":132},"_level":3,"_components":[{"__type__":"cc.Sprite","node":{"__id__":136},"_spriteFrame":{"__uuid__":"e1mss4mSlLqqjVPkFY+r27"}}],"_prefab":{"__type__":"cc.PrefabInfo","root":{"__id__":129},"asset":{"__uuid__":"caVPYP2wBLf5BoaFOAkRnP"},"fileId":"2e2YKR5UBHT43EeGJTz/TX"},"_contentSize":{"__type__":"cc.Size","width":86,"height":218},"_position":{"__type__":"cc.Vec3","x":64},"_scale":{"__type__":"cc.Vec3","x":1,"y":1,"z":1}},{"__type__":"cc.Node","_name":"Hull","_parent":{"__id__":132},"_level":3,"_components":[{"__type__":"cc.Sprite","node":{"__id__":137},"_spriteFrame":{"__uuid__":"a2FxQYPcVBE72bjziB7DUx"}}],"_prefab":{"__type__":"cc.PrefabInfo","root":{"__id__":129},"asset":{"__uuid__":"caVPYP2wBLf5BoaFOAkRnP"},"fileId":"54qmU5bPxO86bmAhqITTRn"},"_contentSize":{"__type__":"cc.Size","width":154,"height":178},"_scale":{"__type__":"cc.Vec3","x":1,"y":1,"z":1}},{"__type__":"cc.Node","_name":"Tower","_parent":{"__id__":129},"_children":[{"__id__":139},{"__id__":140},{"__id__":141}],"_level":2,"_prefab":{"__type__":"cc.PrefabInfo","root":{"__id__":129},"asset":{"__uuid__":"caVPYP2wBLf5BoaFOAkRnP"},"fileId":"a5mGBujTpEHIH550ninbTy"},"_scale":{"__type__":"cc.Vec3","x":1,"y":1,"z":1}},{"__type__":"cc.Node","_name":"Gun","_parent":{"__id__":138},"_level":3,"_components":[{"__type__":"cc.Sprite","node":{"__id__":139},"_spriteFrame":{"__uuid__":"67WJQpYQNEl4yRvN60wobT"}}],"_prefab":{"__type__":"cc.PrefabInfo","root":{"__id__":129},"asset":{"__uuid__":"caVPYP2wBLf5BoaFOAkRnP"},"fileId":"00+JJ1Q3ZAPr4IcHjy5mkH"},"_contentSize":{"__type__":"cc.Size","width":56,"height":164},"_position":{"__type__":"cc.Vec3","x":-1,"y":118.7},"_scale":{"__type__":"cc.Vec3","x":1,"y":1,"z":1}},{"__type__":"cc.Node","_name":"GunConnector","_parent":{"__id__":138},"_level":3,"_components":[{"__type__":"cc.Sprite","node":{"__id__":140},"_spriteFrame":{"__uuid__":"fbq9MlC1ZJxbUBHYzWzSt8"}}],"_prefab":{"__type__":"cc.PrefabInfo","root":{"__id__":129},"asset":{"__uuid__":"caVPYP2wBLf5BoaFOAkRnP"},"fileId":"b5yd6ApyJBO7E0cNbKtzYc"},"_contentSize":{"__type__":"cc.Size","width":60,"height":46},"_position":{"__type__":"cc.Vec3","y":33.9},"_scale":{"__type__":"cc.Vec3","x":1,"y":1,"z":1}},{"__type__":"cc.Node","_name":"Tower","_parent":{"__id__":138},"_level":3,"_components":[{"__type__":"cc.Sprite","node":{"__id__":141},"_spriteFrame":{"__uuid__":"fcCnZl/5RABrQfJM0leA6D"}}],"_prefab":{"__type__":"cc.PrefabInfo","root":{"__id__":129},"asset":{"__uuid__":"caVPYP2wBLf5BoaFOAkRnP"},"fileId":"d8qGZn8WNKHp4p2MKUBpt8"},"_contentSize":{"__type__":"cc.Size","width":116,"height":150},"_position":{"__type__":"cc.Vec3","y":-37.9},"_scale":{"__type__":"cc.Vec3","x":1,"y":1,"z":1}},{"__type__":"cc.Node","_name":"progressBar","_parent":{"__id__":129},"_children":[{"__id__":143}],"_level":2,"_components":[{"__type__":"cc.Sprite","node":{"__id__":142},"_spriteFrame":{"__uuid__":"73hWxUKHZBvLWNP7gUUs09"},"_type":1,"_sizeMode":0},{"__id__":145}],"_prefab":{"__type__":"cc.PrefabInfo","root":{"__id__":129},"asset":{"__uuid__":"caVPYP2wBLf5BoaFOAkRnP"},"fileId":"dbW4ooH8lBP5NWhkHRi2vK"},"_contentSize":{"__type__":"cc.Size","width":300,"height":30},"_position":{"__type__":"cc.Vec3","y":-166.5},"_scale":{"__type__":"cc.Vec3","x":1,"y":1,"z":1}},{"__type__":"cc.Node","_name":"bar","_parent":{"__id__":142},"_components":[{"__id__":144}],"_prefab":{"__type__":"cc.PrefabInfo","root":{"__id__":129},"asset":{"__uuid__":"caVPYP2wBLf5BoaFOAkRnP"},"fileId":"f9St9DgUtATIuAc06r5i/m"},"_contentSize":{"__type__":"cc.Size","width":300,"height":30},"_anchorPoint":{"__type__":"cc.Vec2","y":0.5},"_position":{"__type__":"cc.Vec3","x":-150},"_scale":{"__type__":"cc.Vec3","x":1,"y":1,"z":1}},{"__type__":"cc.Sprite","node":{"__id__":143},"_spriteFrame":{"__uuid__":"ebqWDW7ehCYJ4a3tG0XVuX"},"_type":3,"_sizeMode":0,"_fillRange":0.1},{"__type__":"cc.ProgressBar","node":{"__id__":142},"_N$barSprite":{"__id__":144},"_N$mode":2,"_N$progress":0.1},{"__type__":"cc.Node","_name":"gridinfo","_parent":{"__id__":129},"_level":2,"_components":[{"__id__":147}],"_prefab":{"__type__":"cc.PrefabInfo","root":{"__id__":129},"asset":{"__uuid__":"caVPYP2wBLf5BoaFOAkRnP"},"fileId":"7cnuXfx0ZG475ghm1rY43Z"},"_contentSize":{"__type__":"cc.Size","width":97.87,"height":40},"_position":{"__type__":"cc.Vec3","y":-219.9},"_scale":{"__type__":"cc.Vec3","x":1,"y":1,"z":1}},{"__type__":"cc.Label","node":{"__id__":146},"_useOriginalSize":false,"_string":"Label","_N$string":"Label","_N$horizontalAlign":1,"_N$verticalAlign":1},{"__type__":"cc.Node","_name":"HeavyTankA","_parent":{"__id__":1},"_children":[{"__id__":149},{"__id__":151},{"__id__":157},{"__id__":161},{"__id__":165}],"_level":1,"_components":[{"__type__":"73d275oZi1B5J3PVK9kv+Fl","node":{"__id__":148},"rootNode":{"__id__":148},"tankNode":{"__id__":151},"tankHp":{"__id__":164},"light":{"__id__":153},"userNameTxt":{"__id__":150},"gridInfoTxt":{"__id__":166},"tower":{"__id__":157}}],"_prefab":{"__type__":"cc.PrefabInfo","root":{"__id__":148},"asset":{"__uuid__":"e8i0R+mYRM54bpr37KqkxO"},"fileId":"7eIxTyfjBDD4uUZx4VjLyI"},"_position":{"__type__":"cc.Vec3","x":505},"_scale":{"__type__":"cc.Vec3","x":0.26,"y":0.26,"z":1},"_id":"7eIxTyfjBDD4uUZx4VjLyI"},{"__type__":"cc.Node","_name":"UserNameTxt","_parent":{"__id__":148},"_level":2,"_components":[{"__id__":150}],"_prefab":{"__type__":"cc.PrefabInfo","root":{"__id__":148},"asset":{"__uuid__":"e8i0R+mYRM54bpr37KqkxO"},"fileId":"26RhZCgOxECZdEEaJmq+Rb"},"_contentSize":{"__type__":"cc.Size","width":223.51,"height":60},"_position":{"__type__":"cc.Vec3","y":299.4},"_scale":{"__type__":"cc.Vec3","x":1,"y":1,"z":1}},{"__type__":"cc.Label","node":{"__id__":149},"_useOriginalSize":false,"_string":"liyunhan","_N$string":"liyunhan","_fontSize":60,"_lineHeight":60,"_N$horizontalAlign":1,"_N$verticalAlign":1},{"__type__":"cc.Node","_name":"TankNode","_parent":{"__id__":148},"_children":[{"__id__":152},{"__id__":154},{"__id__":155},{"__id__":156}],"_level":2,"_prefab":{"__type__":"cc.PrefabInfo","root":{"__id__":148},"asset":{"__uuid__":"e8i0R+mYRM54bpr37KqkxO"},"fileId":"75gsBZCEBGk6dZGWUku3PS"},"_scale":{"__type__":"cc.Vec3","x":1,"y":1,"z":1}},{"__type__":"cc.Node","_name":"Light","_parent":{"__id__":151},"_level":3,"_components":[{"__id__":153}],"_prefab":{"__type__":"cc.PrefabInfo","root":{"__id__":148},"asset":{"__uuid__":"e8i0R+mYRM54bpr37KqkxO"},"fileId":"f2Cm4xQgBOTbVjphVRd4W0"},"_color":{"__type__":"cc.Color","g":74,"b":255},"_contentSize":{"__type__":"cc.Size","width":192,"height":192},"_scale":{"__type__":"cc.Vec3","x":3,"y":3,"z":1}},{"__type__":"cc.Sprite","node":{"__id__":152},"_spriteFrame":{"__uuid__":"4fUd64ES9OMKCpy1tTL2bc"}},{"__type__":"cc.Node","_name":"Track","_parent":{"__id__":151},"_level":3,"_components":[{"__type__":"cc.Sprite","node":{"__id__":154},"_spriteFrame":{"__uuid__":"8dQqFCeTRFv6JXzo4qieTD"}}],"_prefab":{"__type__":"cc.PrefabInfo","root":{"__id__":148},"asset":{"__uuid__":"e8i0R+mYRM54bpr37KqkxO"},"fileId":"b4AqwKz8FLapfJU4Oxzgi6"},"_contentSize":{"__type__":"cc.Size","width":88,"height":214},"_position":{"__type__":"cc.Vec3","x":-64},"_scale":{"__type__":"cc.Vec3","x":1,"y":1,"z":1}},{"__type__":"cc.Node","_name":"Track","_parent":{"__id__":151},"_level":3,"_components":[{"__type__":"cc.Sprite","node":{"__id__":155},"_spriteFrame":{"__uuid__":"8dQqFCeTRFv6JXzo4qieTD"}}],"_prefab":{"__type__":"cc.PrefabInfo","root":{"__id__":148},"asset":{"__uuid__":"e8i0R+mYRM54bpr37KqkxO"},"fileId":"8fEHApwGJPXam3xcy3pq9O"},"_contentSize":{"__type__":"cc.Size","width":88,"height":214},"_position":{"__type__":"cc.Vec3","x":64},"_scale":{"__type__":"cc.Vec3","x":1,"y":1,"z":1}},{"__type__":"cc.Node","_name":"Hull","_parent":{"__id__":151},"_level":3,"_components":[{"__type__":"cc.Sprite","node":{"__id__":156},"_spriteFrame":{"__uuid__":"849G59lRVOYaJBxF+WTrhs"}}],"_prefab":{"__type__":"cc.PrefabInfo","root":{"__id__":148},"asset":{"__uuid__":"e8i0R+mYRM54bpr37KqkxO"},"fileId":"34aE7gYCRHkZ731ESeTp3T"},"_contentSize":{"__type__":"cc.Size","width":212,"height":256},"_scale":{"__type__":"cc.Vec3","x":1,"y":1,"z":1}},{"__type__":"cc.Node","_name":"Tower","_parent":{"__id__":148},"_children":[{"__id__":158},{"__id__":159},{"__id__":160}],"_level":2,"_prefab":{"__type__":"cc.PrefabInfo","root":{"__id__":148},"asset":{"__uuid__":"e8i0R+mYRM54bpr37KqkxO"},"fileId":"0f+1r25JBMEKb3JV4G4Kbb"},"_scale":{"__type__":"cc.Vec3","x":1,"y":1,"z":1}},{"__type__":"cc.Node","_name":"Gun","_parent":{"__id__":157},"_level":3,"_components":[{"__type__":"cc.Sprite","node":{"__id__":158},"_spriteFrame":{"__uuid__":"3eAOCVAHNAN4VM9qp0rUkn"}}],"_prefab":{"__type__":"cc.PrefabInfo","root":{"__id__":148},"asset":{"__uuid__":"e8i0R+mYRM54bpr37KqkxO"},"fileId":"e87hpakmFDRJS5c854BkSZ"},"_contentSize":{"__type__":"cc.Size","width":120,"height":200},"_position":{"__type__":"cc.Vec3","x":-1,"y":136.6},"_scale":{"__type__":"cc.Vec3","x":1,"y":1,"z":1}},{"__type__":"cc.Node","_name":"GunConnector","_parent":{"__id__":157},"_level":3,"_components":[{"__type__":"cc.Sprite","node":{"__id__":159},"_spriteFrame":{"__uuid__":"5a9fbxIYJANKqx0M+I0E+w"}}],"_prefab":{"__type__":"cc.PrefabInfo","root":{"__id__":148},"asset":{"__uuid__":"e8i0R+mYRM54bpr37KqkxO"},"fileId":"efIjOqTPxGG5TmlPbkqj36"},"_contentSize":{"__type__":"cc.Size","width":116,"height":38},"_position":{"__type__":"cc.Vec3","y":83.8},"_scale":{"__type__":"cc.Vec3","x":1,"y":1,"z":1}},{"__type__":"cc.Node","_name":"Tower","_parent":{"__id__":157},"_level":3,"_components":[{"__type__":"cc.Sprite","node":{"__id__":160},"_spriteFrame":{"__uuid__":"d7waH7+WVFHIzbfCpm8Rz1"}}],"_prefab":{"__type__":"cc.PrefabInfo","root":{"__id__":148},"asset":{"__uuid__":"e8i0R+mYRM54bpr37KqkxO"},"fileId":"c54iBmK0dL9pc5OAWDqkI6"},"_contentSize":{"__type__":"cc.Size","width":178,"height":146},"_scale":{"__type__":"cc.Vec3","x":1,"y":1,"z":1}},{"__type__":"cc.Node","_name":"progressBar","_parent":{"__id__":148},"_children":[{"__id__":162}],"_level":2,"_components":[{"__type__":"cc.Sprite","node":{"__id__":161},"_spriteFrame":{"__uuid__":"73hWxUKHZBvLWNP7gUUs09"},"_type":1,"_sizeMode":0},{"__id__":164}],"_prefab":{"__type__":"cc.PrefabInfo","root":{"__id__":148},"asset":{"__uuid__":"e8i0R+mYRM54bpr37KqkxO"},"fileId":"55CJz1jOhHXIsxGTFgE10o"},"_contentSize":{"__type__":"cc.Size","width":300,"height":30},"_position":{"__type__":"cc.Vec3","y":-166.5},"_scale":{"__type__":"cc.Vec3","x":1,"y":1,"z":1}},{"__type__":"cc.Node","_name":"bar","_parent":{"__id__":161},"_components":[{"__id__":163}],"_prefab":{"__type__":"cc.PrefabInfo","root":{"__id__":148},"asset":{"__uuid__":"e8i0R+mYRM54bpr37KqkxO"},"fileId":"31Ghjyi/tPYaV0Cejhzt/s"},"_contentSize":{"__type__":"cc.Size","width":300,"height":30},"_anchorPoint":{"__type__":"cc.Vec2","y":0.5},"_position":{"__type__":"cc.Vec3","x":-150},"_scale":{"__type__":"cc.Vec3","x":1,"y":1,"z":1}},{"__type__":"cc.Sprite","node":{"__id__":162},"_spriteFrame":{"__uuid__":"ebqWDW7ehCYJ4a3tG0XVuX"},"_type":3,"_sizeMode":0,"_fillRange":0.1},{"__type__":"cc.ProgressBar","node":{"__id__":161},"_N$barSprite":{"__id__":163},"_N$mode":2,"_N$progress":0.1},{"__type__":"cc.Node","_name":"gridinfo","_parent":{"__id__":148},"_level":2,"_components":[{"__id__":166}],"_prefab":{"__type__":"cc.PrefabInfo","root":{"__id__":148},"asset":{"__uuid__":"e8i0R+mYRM54bpr37KqkxO"},"fileId":"ee5xrtPHtK1rrsOBkNqThz"},"_contentSize":{"__type__":"cc.Size","width":97.87,"height":40},"_position":{"__type__":"cc.Vec3","y":-219.9},"_scale":{"__type__":"cc.Vec3","x":1,"y":1,"z":1}},{"__type__":"cc.Label","node":{"__id__":165},"_useOriginalSize":false,"_string":"Label","_N$string":"Label","_N$horizontalAlign":1,"_N$verticalAlign":1},{"__type__":"cc.Node","_name":"HeavyTankB","_parent":{"__id__":1},"_children":[{"__id__":168},{"__id__":170},{"__id__":176},{"__id__":180},{"__id__":184}],"_level":1,"_components":[{"__type__":"73d275oZi1B5J3PVK9kv+Fl","node":{"__id__":167},"rootNode":{"__id__":167},"tankNode":{"__id__":170},"tankHp":{"__id__":183},"light":{"__id__":172},"userNameTxt":{"__id__":169},"gridInfoTxt":{"__id__":185},"tower":{"__id__":176}}],"_prefab":{"__type__":"cc.PrefabInfo","root":{"__id__":167},"asset":{"__uuid__":"75Zf1HW9xL5ZDPFRkawnrp"},"fileId":"bbWQJkTfNM07XvDEOFqK7o"},"_position":{"__type__":"cc.Vec3","x":571},"_scale":{"__type__":"cc.Vec3","x":0.26,"y":0.26,"z":1},"_id":"bbWQJkTfNM07XvDEOFqK7o"},{"__type__":"cc.Node","_name":"UserNameTxt","_parent":{"__id__":167},"_level":2,"_components":[{"__id__":169}],"_prefab":{"__type__":"cc.PrefabInfo","root":{"__id__":167},"asset":{"__uuid__":"75Zf1HW9xL5ZDPFRkawnrp"},"fileId":"f9GE54MZVNLZC2+wZSb2BM"},"_contentSize":{"__type__":"cc.Size","width":223.51,"height":60},"_position":{"__type__":"cc.Vec3","y":276.7},"_scale":{"__type__":"cc.Vec3","x":1,"y":1,"z":1}},{"__type__":"cc.Label","node":{"__id__":168},"_useOriginalSize":false,"_string":"liyunhan","_N$string":"liyunhan","_fontSize":60,"_lineHeight":60,"_N$horizontalAlign":1,"_N$verticalAlign":1},{"__type__":"cc.Node","_name":"TankNode","_parent":{"__id__":167},"_children":[{"__id__":171},{"__id__":173},{"__id__":174},{"__id__":175}],"_level":2,"_prefab":{"__type__":"cc.PrefabInfo","root":{"__id__":167},"asset":{"__uuid__":"75Zf1HW9xL5ZDPFRkawnrp"},"fileId":"03qU5+t71OrYFMCl+qJwui"},"_scale":{"__type__":"cc.Vec3","x":1,"y":1,"z":1}},{"__type__":"cc.Node","_name":"Light","_parent":{"__id__":170},"_level":3,"_components":[{"__id__":172}],"_prefab":{"__type__":"cc.PrefabInfo","root":{"__id__":167},"asset":{"__uuid__":"75Zf1HW9xL5ZDPFRkawnrp"},"fileId":"72ZtbjI8pB24uYQc1si8QF"},"_color":{"__type__":"cc.Color","g":74,"b":255},"_contentSize":{"__type__":"cc.Size","width":192,"height":192},"_scale":{"__type__":"cc.Vec3","x":3,"y":3,"z":1}},{"__type__":"cc.Sprite","node":{"__id__":171},"_spriteFrame":{"__uuid__":"4fUd64ES9OMKCpy1tTL2bc"}},{"__type__":"cc.Node","_name":"Track","_parent":{"__id__":170},"_level":3,"_components":[{"__type__":"cc.Sprite","node":{"__id__":173},"_spriteFrame":{"__uuid__":"0914ysku1O7bc7/3VI6/0G"}}],"_prefab":{"__type__":"cc.PrefabInfo","root":{"__id__":167},"asset":{"__uuid__":"75Zf1HW9xL5ZDPFRkawnrp"},"fileId":"87FAxHRj5BKJBJKy5LqB1D"},"_contentSize":{"__type__":"cc.Size","width":94,"height":214},"_position":{"__type__":"cc.Vec3","x":-64},"_scale":{"__type__":"cc.Vec3","x":1,"y":1,"z":1}},{"__type__":"cc.Node","_name":"Track","_parent":{"__id__":170},"_level":3,"_components":[{"__type__":"cc.Sprite","node":{"__id__":174},"_spriteFrame":{"__uuid__":"0914ysku1O7bc7/3VI6/0G"}}],"_prefab":{"__type__":"cc.PrefabInfo","root":{"__id__":167},"asset":{"__uuid__":"75Zf1HW9xL5ZDPFRkawnrp"},"fileId":"a6SgrYiZ9H3I2QhJLjuF43"},"_contentSize":{"__type__":"cc.Size","width":94,"height":214},"_position":{"__type__":"cc.Vec3","x":64},"_scale":{"__type__":"cc.Vec3","x":1,"y":1,"z":1}},{"__type__":"cc.Node","_name":"Hull","_parent":{"__id__":170},"_level":3,"_components":[{"__type__":"cc.Sprite","node":{"__id__":175},"_spriteFrame":{"__uuid__":"459yUBYjJCUrboxGoqUDtu"}}],"_prefab":{"__type__":"cc.PrefabInfo","root":{"__id__":167},"asset":{"__uuid__":"75Zf1HW9xL5ZDPFRkawnrp"},"fileId":"2bPWxYEeREBI/ucfiadtwC"},"_contentSize":{"__type__":"cc.Size","width":194,"height":232},"_scale":{"__type__":"cc.Vec3","x":1,"y":1,"z":1}},{"__type__":"cc.Node","_name":"Tower","_parent":{"__id__":167},"_children":[{"__id__":177},{"__id__":178},{"__id__":179}],"_level":2,"_prefab":{"__type__":"cc.PrefabInfo","root":{"__id__":167},"asset":{"__uuid__":"75Zf1HW9xL5ZDPFRkawnrp"},"fileId":"9b8rXkVGlEj4BMy1qgKVDb"},"_scale":{"__type__":"cc.Vec3","x":1,"y":1,"z":1}},{"__type__":"cc.Node","_name":"Gun","_parent":{"__id__":176},"_level":3,"_components":[{"__type__":"cc.Sprite","node":{"__id__":177},"_spriteFrame":{"__uuid__":"ca6iP7qu9IAq9ApDx105lC"}}],"_prefab":{"__type__":"cc.PrefabInfo","root":{"__id__":167},"asset":{"__uuid__":"75Zf1HW9xL5ZDPFRkawnrp"},"fileId":"74BCq8xwdEOpDElA7wkDVf"},"_contentSize":{"__type__":"cc.Size","width":114,"height":162},"_position":{"__type__":"cc.Vec3","x":-1,"y":146.4},"_scale":{"__type__":"cc.Vec3","x":1,"y":1,"z":1}},{"__type__":"cc.Node","_name":"GunConnector","_parent":{"__id__":176},"_level":3,"_components":[{"__type__":"cc.Sprite","node":{"__id__":178},"_spriteFrame":{"__uuid__":"e9ii2bXkpB1ZRS/eziMHaW"}}],"_prefab":{"__type__":"cc.PrefabInfo","root":{"__id__":167},"asset":{"__uuid__":"75Zf1HW9xL5ZDPFRkawnrp"},"fileId":"3fMoet8OFJtooBaIVJOsQ0"},"_contentSize":{"__type__":"cc.Size","width":108,"height":60},"_position":{"__type__":"cc.Vec3","y":72.9},"_scale":{"__type__":"cc.Vec3","x":1,"y":1,"z":1}},{"__type__":"cc.Node","_name":"Tower","_parent":{"__id__":176},"_level":3,"_components":[{"__type__":"cc.Sprite","node":{"__id__":179},"_spriteFrame":{"__uuid__":"8a62/c6gVIrJh+yJcUVh1s"}}],"_prefab":{"__type__":"cc.PrefabInfo","root":{"__id__":167},"asset":{"__uuid__":"75Zf1HW9xL5ZDPFRkawnrp"},"fileId":"815OfamxlOGbYG+pJZAPtY"},"_contentSize":{"__type__":"cc.Size","width":166,"height":164},"_scale":{"__type__":"cc.Vec3","x":1,"y":1,"z":1}},{"__type__":"cc.Node","_name":"progressBar","_parent":{"__id__":167},"_children":[{"__id__":181}],"_level":2,"_components":[{"__type__":"cc.Sprite","node":{"__id__":180},"_spriteFrame":{"__uuid__":"73hWxUKHZBvLWNP7gUUs09"},"_type":1,"_sizeMode":0},{"__id__":183}],"_prefab":{"__type__":"cc.PrefabInfo","root":{"__id__":167},"asset":{"__uuid__":"75Zf1HW9xL5ZDPFRkawnrp"},"fileId":"ecCPJztRNJ9ZMxnPG3yxct"},"_contentSize":{"__type__":"cc.Size","width":300,"height":30},"_position":{"__type__":"cc.Vec3","y":-166.5},"_scale":{"__type__":"cc.Vec3","x":1,"y":1,"z":1}},{"__type__":"cc.Node","_name":"bar","_parent":{"__id__":180},"_components":[{"__id__":182}],"_prefab":{"__type__":"cc.PrefabInfo","root":{"__id__":167},"asset":{"__uuid__":"75Zf1HW9xL5ZDPFRkawnrp"},"fileId":"eeFJJz7dFFG5cII6sVKs+E"},"_contentSize":{"__type__":"cc.Size","width":300,"height":30},"_anchorPoint":{"__type__":"cc.Vec2","y":0.5},"_position":{"__type__":"cc.Vec3","x":-150},"_scale":{"__type__":"cc.Vec3","x":1,"y":1,"z":1}},{"__type__":"cc.Sprite","node":{"__id__":181},"_spriteFrame":{"__uuid__":"ebqWDW7ehCYJ4a3tG0XVuX"},"_type":3,"_sizeMode":0,"_fillRange":0.1},{"__type__":"cc.ProgressBar","node":{"__id__":180},"_N$barSprite":{"__id__":182},"_N$mode":2,"_N$progress":0.1},{"__type__":"cc.Node","_name":"gridinfo","_parent":{"__id__":167},"_level":2,"_components":[{"__id__":185}],"_prefab":{"__type__":"cc.PrefabInfo","root":{"__id__":167},"asset":{"__uuid__":"75Zf1HW9xL5ZDPFRkawnrp"},"fileId":"c97k8SJy1KhIxyoDGzHgw7"},"_contentSize":{"__type__":"cc.Size","width":97.87,"height":40},"_position":{"__type__":"cc.Vec3","y":-219.9},"_scale":{"__type__":"cc.Vec3","x":1,"y":1,"z":1}},{"__type__":"cc.Label","node":{"__id__":184},"_useOriginalSize":false,"_string":"Label","_N$string":"Label","_N$horizontalAlign":1,"_N$verticalAlign":1},{"__type__":"cc.Node","_name":"HeavyTankC","_parent":{"__id__":1},"_children":[{"__id__":187},{"__id__":189},{"__id__":195},{"__id__":199},{"__id__":203}],"_level":1,"_components":[{"__type__":"73d275oZi1B5J3PVK9kv+Fl","node":{"__id__":186},"rootNode":{"__id__":186},"tankNode":{"__id__":189},"tankHp":{"__id__":202},"light":{"__id__":191},"userNameTxt":{"__id__":188},"gridInfoTxt":{"__id__":204},"tower":{"__id__":195}}],"_prefab":{"__type__":"cc.PrefabInfo","root":{"__id__":186},"asset":{"__uuid__":"5fz31fAO5JU55FQ+/xZ+6W"},"fileId":"02N+XZq3JBUL564ZuxuAER"},"_position":{"__type__":"cc.Vec3","x":637},"_scale":{"__type__":"cc.Vec3","x":0.26,"y":0.26,"z":1},"_id":"02N+XZq3JBUL564ZuxuAER"},{"__type__":"cc.Node","_name":"UserNameTxt","_parent":{"__id__":186},"_level":2,"_components":[{"__id__":188}],"_prefab":{"__type__":"cc.PrefabInfo","root":{"__id__":186},"asset":{"__uuid__":"5fz31fAO5JU55FQ+/xZ+6W"},"fileId":"5fuDYRFx9OqKKj08xmYrc/"},"_contentSize":{"__type__":"cc.Size","width":223.51,"height":60},"_position":{"__type__":"cc.Vec3","y":295.6},"_scale":{"__type__":"cc.Vec3","x":1,"y":1,"z":1}},{"__type__":"cc.Label","node":{"__id__":187},"_useOriginalSize":false,"_string":"liyunhan","_N$string":"liyunhan","_fontSize":60,"_lineHeight":60,"_N$horizontalAlign":1,"_N$verticalAlign":1},{"__type__":"cc.Node","_name":"TankNode","_parent":{"__id__":186},"_children":[{"__id__":190},{"__id__":192},{"__id__":193},{"__id__":194}],"_level":2,"_prefab":{"__type__":"cc.PrefabInfo","root":{"__id__":186},"asset":{"__uuid__":"5fz31fAO5JU55FQ+/xZ+6W"},"fileId":"01vauD8eFDsI31IeSnOuk9"},"_scale":{"__type__":"cc.Vec3","x":1,"y":1,"z":1}},{"__type__":"cc.Node","_name":"Light","_parent":{"__id__":189},"_level":3,"_components":[{"__id__":191}],"_prefab":{"__type__":"cc.PrefabInfo","root":{"__id__":186},"asset":{"__uuid__":"5fz31fAO5JU55FQ+/xZ+6W"},"fileId":"4ece7e7zlAobuCQP+uVFWB"},"_color":{"__type__":"cc.Color","g":74,"b":255},"_contentSize":{"__type__":"cc.Size","width":192,"height":192},"_scale":{"__type__":"cc.Vec3","x":3,"y":3,"z":1}},{"__type__":"cc.Sprite","node":{"__id__":190},"_spriteFrame":{"__uuid__":"4fUd64ES9OMKCpy1tTL2bc"}},{"__type__":"cc.Node","_name":"Track","_parent":{"__id__":189},"_level":3,"_components":[{"__type__":"cc.Sprite","node":{"__id__":192},"_spriteFrame":{"__uuid__":"8dQqFCeTRFv6JXzo4qieTD"}}],"_prefab":{"__type__":"cc.PrefabInfo","root":{"__id__":186},"asset":{"__uuid__":"5fz31fAO5JU55FQ+/xZ+6W"},"fileId":"a3ksbYtRtDDYRURTFgtKE0"},"_contentSize":{"__type__":"cc.Size","width":88,"height":214},"_position":{"__type__":"cc.Vec3","x":-64},"_scale":{"__type__":"cc.Vec3","x":1,"y":1,"z":1}},{"__type__":"cc.Node","_name":"Track","_parent":{"__id__":189},"_level":3,"_components":[{"__type__":"cc.Sprite","node":{"__id__":193},"_spriteFrame":{"__uuid__":"8dQqFCeTRFv6JXzo4qieTD"}}],"_prefab":{"__type__":"cc.PrefabInfo","root":{"__id__":186},"asset":{"__uuid__":"5fz31fAO5JU55FQ+/xZ+6W"},"fileId":"5cOBi5pSJL6YNGtAEd8hKD"},"_contentSize":{"__type__":"cc.Size","width":88,"height":214},"_position":{"__type__":"cc.Vec3","x":64},"_scale":{"__type__":"cc.Vec3","x":1,"y":1,"z":1}},{"__type__":"cc.Node","_name":"Hull","_parent":{"__id__":189},"_level":3,"_components":[{"__type__":"cc.Sprite","node":{"__id__":194},"_spriteFrame":{"__uuid__":"84cR3W6mhIIZJyQloCY9ly"}}],"_prefab":{"__type__":"cc.PrefabInfo","root":{"__id__":186},"asset":{"__uuid__":"5fz31fAO5JU55FQ+/xZ+6W"},"fileId":"68I6BMTBBIhpeAo/Lt8DXb"},"_contentSize":{"__type__":"cc.Size","width":194,"height":256},"_scale":{"__type__":"cc.Vec3","x":1,"y":1,"z":1}},{"__type__":"cc.Node","_name":"Tower","_parent":{"__id__":186},"_children":[{"__id__":196},{"__id__":197},{"__id__":198}],"_level":2,"_prefab":{"__type__":"cc.PrefabInfo","root":{"__id__":186},"asset":{"__uuid__":"5fz31fAO5JU55FQ+/xZ+6W"},"fileId":"97NMkDDfpIfqJ4w7H7W/VC"},"_scale":{"__type__":"cc.Vec3","x":1,"y":1,"z":1}},{"__type__":"cc.Node","_name":"Gun","_parent":{"__id__":195},"_level":3,"_components":[{"__type__":"cc.Sprite","node":{"__id__":196},"_spriteFrame":{"__uuid__":"89Gy0TzmpEU7YzQEMx8K6D"}}],"_prefab":{"__type__":"cc.PrefabInfo","root":{"__id__":186},"asset":{"__uuid__":"5fz31fAO5JU55FQ+/xZ+6W"},"fileId":"0ec8yNOYlPIJn1N2L+2OIG"},"_contentSize":{"__type__":"cc.Size","width":102,"height":160},"_position":{"__type__":"cc.Vec3","x":-1,"y":152.4},"_scale":{"__type__":"cc.Vec3","x":1,"y":1,"z":1}},{"__type__":"cc.Node","_name":"GunConnector","_parent":{"__id__":195},"_level":3,"_components":[{"__type__":"cc.Sprite","node":{"__id__":197},"_spriteFrame":{"__uuid__":"07nUPOFtxDfKopEmiV7JLq"}}],"_prefab":{"__type__":"cc.PrefabInfo","root":{"__id__":186},"asset":{"__uuid__":"5fz31fAO5JU55FQ+/xZ+6W"},"fileId":"88tIujvKhPEYm845O6rfLK"},"_contentSize":{"__type__":"cc.Size","width":98,"height":34},"_position":{"__type__":"cc.Vec3","y":84.4},"_scale":{"__type__":"cc.Vec3","x":1,"y":1,"z":1}},{"__type__":"cc.Node","_name":"Tower","_parent":{"__id__":195},"_level":3,"_components":[{"__type__":"cc.Sprite","node":{"__id__":198},"_spriteFrame":{"__uuid__":"680dMUx7pFIIMZCfEhScmM"}}],"_prefab":{"__type__":"cc.PrefabInfo","root":{"__id__":186},"asset":{"__uuid__":"5fz31fAO5JU55FQ+/xZ+6W"},"fileId":"0e07IaRd5BzaFwDBqS0VEk"},"_contentSize":{"__type__":"cc.Size","width":188,"height":156},"_scale":{"__type__":"cc.Vec3","x":1,"y":1,"z":1}},{"__type__":"cc.Node","_name":"progressBar","_parent":{"__id__":186},"_children":[{"__id__":200}],"_level":2,"_components":[{"__type__":"cc.Sprite","node":{"__id__":199},"_spriteFrame":{"__uuid__":"73hWxUKHZBvLWNP7gUUs09"},"_type":1,"_sizeMode":0},{"__id__":202}],"_prefab":{"__type__":"cc.PrefabInfo","root":{"__id__":186},"asset":{"__uuid__":"5fz31fAO5JU55FQ+/xZ+6W"},"fileId":"53Fp26o2NNXobHZnCtSaM/"},"_contentSize":{"__type__":"cc.Size","width":300,"height":30},"_position":{"__type__":"cc.Vec3","y":-166.5},"_scale":{"__type__":"cc.Vec3","x":1,"y":1,"z":1}},{"__type__":"cc.Node","_name":"bar","_parent":{"__id__":199},"_components":[{"__id__":201}],"_prefab":{"__type__":"cc.PrefabInfo","root":{"__id__":186},"asset":{"__uuid__":"5fz31fAO5JU55FQ+/xZ+6W"},"fileId":"43ELuxTHZIWKqBjRhmri9D"},"_contentSize":{"__type__":"cc.Size","width":300,"height":30},"_anchorPoint":{"__type__":"cc.Vec2","y":0.5},"_position":{"__type__":"cc.Vec3","x":-150},"_scale":{"__type__":"cc.Vec3","x":1,"y":1,"z":1}},{"__type__":"cc.Sprite","node":{"__id__":200},"_spriteFrame":{"__uuid__":"ebqWDW7ehCYJ4a3tG0XVuX"},"_type":3,"_sizeMode":0,"_fillRange":0.1},{"__type__":"cc.ProgressBar","node":{"__id__":199},"_N$barSprite":{"__id__":201},"_N$mode":2,"_N$progress":0.1},{"__type__":"cc.Node","_name":"gridinfo","_parent":{"__id__":186},"_level":2,"_components":[{"__id__":204}],"_prefab":{"__type__":"cc.PrefabInfo","root":{"__id__":186},"asset":{"__uuid__":"5fz31fAO5JU55FQ+/xZ+6W"},"fileId":"beRZP4VthJ95+psqbNZsU1"},"_contentSize":{"__type__":"cc.Size","width":97.87,"height":40},"_position":{"__type__":"cc.Vec3","y":-219.9},"_scale":{"__type__":"cc.Vec3","x":1,"y":1,"z":1}},{"__type__":"cc.Label","node":{"__id__":203},"_useOriginalSize":false,"_string":"Label","_N$string":"Label","_N$horizontalAlign":1,"_N$verticalAlign":1}],{"__type__":"cc.SpriteFrame","content":{"name":"blood-bloodd","texture":"bcsbU8IrNEtJQaYj+wkfLL","rect":[496,688,92,18],"offset":[0,0],"originalSize":[92,18],"rotated":1,"capInsets":[0,0,0,0]}},{"__type__":"cc.SpriteFrame","content":{"name":"Hulls-HeavyHullC","texture":"bcsbU8IrNEtJQaYj+wkfLL","rect":[0,256,194,256],"offset":[0,0],"originalSize":[256,256],"capInsets":[0,0,0,0]}},{"__type__":"cc.SpriteFrame","content":{"name":"Hulls-HeavyHullA","texture":"bcsbU8IrNEtJQaYj+wkfLL","rect":[0,0,212,256],"offset":[0,0],"originalSize":[256,256],"capInsets":[0,0,0,0]}},{"__type__":"cc.SpriteFrame","content":{"name":"Guns-HeavyGunC","texture":"bcsbU8IrNEtJQaYj+wkfLL","rect":[684,652,102,160],"offset":[0,0],"originalSize":[256,256],"capInsets":[0,0,0,0]}},{"__type__":"cc.SpriteFrame","content":{"name":"Towers-HeavyTowerB","texture":"bcsbU8IrNEtJQaYj+wkfLL","rect":[854,410,166,164],"offset":[0,0],"originalSize":[256,256],"capInsets":[0,0,0,0]}},{"__type__":"cc.SpriteFrame","content":{"name":"Tracks-TrackDFrame1","texture":"bcsbU8IrNEtJQaYj+wkfLL","rect":[378,254,88,214],"offset":[0,0],"originalSize":[256,256],"capInsets":[0,0,0,0]}},{"__type__":"cc.SpriteFrame","content":{"name":"Guns-MediumGunA","texture":"bcsbU8IrNEtJQaYj+wkfLL","rect":[622,276,64,164],"offset":[0,0],"originalSize":[256,256],"capInsets":[0,0,0,0]}},{"__type__":"cc.SpriteFrame","content":{"name":"Towers-SmallTowerB","texture":"bcsbU8IrNEtJQaYj+wkfLL","rect":[724,548,114,100],"offset":[0,0],"originalSize":[256,256],"capInsets":[0,0,0,0]}},{"__type__":"cc.SpriteFrame","content":{"name":"Guns-SmallGunA","texture":"bcsbU8IrNEtJQaYj+wkfLL","rect":[430,660,28,98],"offset":[-1,1],"originalSize":[256,256],"rotated":1,"capInsets":[0,0,0,0]}},{"__type__":"cc.SpriteFrame","content":{"name":"Hulls-MediumHullC","texture":"bcsbU8IrNEtJQaYj+wkfLL","rect":[690,0,154,178],"offset":[0,0],"originalSize":[256,256],"rotated":1,"capInsets":[0,0,0,0]}},{"__type__":"cc.SpriteFrame","content":{"name":"Projectiles-Laser","texture":"bcsbU8IrNEtJQaYj+wkfLL","rect":[328,218,36,110],"offset":[0,0],"originalSize":[256,256],"rotated":1,"capInsets":[0,0,0,0]}},{"__type__":"cc.SpriteFrame","content":{"name":"Guns-SmallGunB","texture":"bcsbU8IrNEtJQaYj+wkfLL","rect":[164,744,32,68],"offset":[0,0],"originalSize":[256,256],"capInsets":[0,0,0,0]}},{"__type__":"cc.SpriteFrame","content":{"name":"Hulls-SmallHullB","texture":"bcsbU8IrNEtJQaYj+wkfLL","rect":[868,0,154,158],"offset":[0,0],"originalSize":[256,256],"capInsets":[0,0,0,0]}},{"__type__":"cc.SpriteFrame","content":{"name":"Projectiles-Rocket","texture":"bcsbU8IrNEtJQaYj+wkfLL","rect":[632,180,58,96],"offset":[0,0],"originalSize":[256,256],"capInsets":[0,0,0,0]}},{"__type__":"cc.SpriteFrame","content":{"name":"Guns-HeavyGunB","texture":"bcsbU8IrNEtJQaYj+wkfLL","rect":[786,648,114,162],"offset":[0,0],"originalSize":[256,256],"capInsets":[0,0,0,0]}},{"__type__":"cc.SpriteFrame","content":{"name":"Towers-HeavyTowerA","texture":"bcsbU8IrNEtJQaYj+wkfLL","rect":[690,154,178,146],"offset":[0,0],"originalSize":[256,256],"capInsets":[0,0,0,0]}},{"__type__":"cc.SpriteFrame","content":{"name":"Tracks-TrackBFrame1","texture":"bcsbU8IrNEtJQaYj+wkfLL","rect":[302,0,86,218],"offset":[0,0],"originalSize":[256,256],"capInsets":[0,0,0,0]}},{"__type__":"cc.SpriteFrame","content":{"name":"Towers-SmallTowerA","texture":"bcsbU8IrNEtJQaYj+wkfLL","rect":[900,708,98,98],"offset":[0,0],"originalSize":[256,256],"capInsets":[0,0,0,0]}},{"__type__":"cc.SpriteFrame","content":{"name":"GunConnectors-GunConnectorD","texture":"bcsbU8IrNEtJQaYj+wkfLL","rect":[622,440,108,60],"offset":[0,0],"originalSize":[256,256],"rotated":1,"capInsets":[0,0,0,0]}},{"__type__":"cc.SpriteFrame","content":{"name":"blood-myblood","texture":"bcsbU8IrNEtJQaYj+wkfLL","rect":[466,438,92,18],"offset":[0,0],"originalSize":[92,18],"capInsets":[0,0,0,0]}},{"__type__":"cc.SpriteFrame","content":{"name":"Towers-MediumTowerB","texture":"bcsbU8IrNEtJQaYj+wkfLL","rect":[686,300,168,146],"offset":[0,0],"originalSize":[256,256],"capInsets":[0,0,0,0]}},{"__type__":"cc.SpriteFrame","content":{"name":"Hulls-SmallHullC","texture":"bcsbU8IrNEtJQaYj+wkfLL","rect":[528,660,150,156],"offset":[0,0],"originalSize":[256,256],"rotated":1,"capInsets":[0,0,0,0]}},{"__type__":"cc.SpriteFrame","content":{"name":"GunConnectors-GunConnectorB","texture":"bcsbU8IrNEtJQaYj+wkfLL","rect":[682,502,60,46],"offset":[0,0],"originalSize":[256,256],"capInsets":[0,0,0,0]}},{"__type__":"cc.SpriteFrame","content":{"name":"Towers-MediumTowerC","texture":"bcsbU8IrNEtJQaYj+wkfLL","rect":[868,158,116,150],"offset":[0,0],"originalSize":[256,256],"rotated":1,"capInsets":[0,0,0,0]}}]