[[{"__type__":"cc.Prefab","_name":"NailTank","data":{"__id__":1}},{"__type__":"cc.Node","_name":"NailTank","_children":[{"__id__":2},{"__id__":4}],"_level":1,"_components":[{"__type__":"94ee8QIRc5NJI1xg4UOkVFB","node":{"__id__":1},"rootNode":{"__id__":1},"enemy":{"__id__":3},"me":{"__id__":5}}],"_prefab":{"__type__":"cc.PrefabInfo","root":{"__id__":1},"asset":{"__uuid__":"015XnvzepDZKicTorzb28j"},"fileId":"8cfUabp05JN5l1WeOl8S8U"},"_position":{"__type__":"cc.Vec3","y":245},"_scale":{"__type__":"cc.Vec3","x":1,"y":1,"z":1}},{"__type__":"cc.Node","_name":"enemy","_parent":{"__id__":1},"_level":2,"_components":[{"__id__":3}],"_prefab":{"__type__":"cc.PrefabInfo","root":{"__id__":1},"asset":{"__uuid__":"015XnvzepDZKicTorzb28j"},"fileId":"cfdmtrOF5Gd5pXEP1VYFvD"},"_contentSize":{"__type__":"cc.Size","width":35,"height":44},"_scale":{"__type__":"cc.Vec3","x":0.5,"y":0.5,"z":1}},{"__type__":"cc.Sprite","node":{"__id__":2},"_spriteFrame":{"__uuid__":"40+3bCokJOEoQioBRW4FRm"}},{"__type__":"cc.Node","_name":"me","_parent":{"__id__":1},"_active":false,"_level":2,"_components":[{"__id__":5}],"_prefab":{"__type__":"cc.PrefabInfo","root":{"__id__":1},"asset":{"__uuid__":"015XnvzepDZKicTorzb28j"},"fileId":"c2Q0BPJSRL4oQNmZ1EMxL3"},"_contentSize":{"__type__":"cc.Size","width":35,"height":44},"_scale":{"__type__":"cc.Vec3","x":0.5,"y":0.5,"z":1}},{"__type__":"cc.Sprite","node":{"__id__":4},"_spriteFrame":{"__uuid__":"b5V3yVMANHSb1+8B+3UaRa"}}],{"__type__":"cc.SpriteFrame","content":{"name":"Hulls-SmallHullA","texture":"bcsbU8IrNEtJQaYj+wkfLL","rect":[868,274,136,148],"offset":[0,0],"originalSize":[256,256],"rotated":1,"capInsets":[0,0,0,0]}},{"__type__":"cc.SpriteFrame","content":{"name":"Projectiles-LightShell","texture":"bcsbU8IrNEtJQaYj+wkfLL","rect":[526,214,34,50],"offset":[0,0],"originalSize":[256,256],"rotated":1,"capInsets":[0,0,0,0]}},{"__type__":"cc.SpriteFrame","content":{"name":"GunConnectors-GunConnectorE","texture":"bcsbU8IrNEtJQaYj+wkfLL","rect":[196,744,98,34],"offset":[0,0],"originalSize":[256,256],"capInsets":[0,0,0,0]}},{"__type__":"cc.SpriteFrame","content":{"name":"Tracks-TrackСFrame1","texture":"bcsbU8IrNEtJQaYj+wkfLL","rect":[284,256,94,214],"offset":[0,0],"originalSize":[256,256],"capInsets":[0,0,0,0]}},[{"__type__":"cc.Prefab","_name":"MidTankB","data":{"__id__":1}},{"__type__":"cc.Node","_name":"MidTankB","_children":[{"__id__":2},{"__id__":4},{"__id__":10},{"__id__":14},{"__id__":18}],"_level":1,"_components":[{"__type__":"73d275oZi1B5J3PVK9kv+Fl","node":{"__id__":1},"rootNode":{"__id__":1},"tankNode":{"__id__":4},"tankHp":{"__id__":17},"light":{"__id__":6},"userNameTxt":{"__id__":3},"gridInfoTxt":{"__id__":19},"tower":{"__id__":10}}],"_prefab":{"__type__":"cc.PrefabInfo","root":{"__id__":1},"asset":{"__id__":0},"fileId":"c7QcunVptFLrET6Oqy1s2p"},"_position":{"__type__":"cc.Vec3","x":369},"_scale":{"__type__":"cc.Vec3","x":0.16,"y":0.16,"z":1}},{"__type__":"cc.Node","_name":"UserNameTxt","_parent":{"__id__":1},"_level":2,"_components":[{"__id__":3}],"_prefab":{"__type__":"cc.PrefabInfo","root":{"__id__":1},"asset":{"__id__":0},"fileId":"40EjjbaYlM3Y0NlC1ZwACg"},"_contentSize":{"__type__":"cc.Size","width":223.51,"height":60},"_position":{"__type__":"cc.Vec3","y":235.1},"_scale":{"__type__":"cc.Vec3","x":1,"y":1,"z":1}},{"__type__":"cc.Label","node":{"__id__":2},"_useOriginalSize":false,"_string":"liyunhan","_N$string":"liyunhan","_fontSize":60,"_lineHeight":60,"_N$horizontalAlign":1,"_N$verticalAlign":1},{"__type__":"cc.Node","_name":"TankNode","_parent":{"__id__":1},"_children":[{"__id__":5},{"__id__":7},{"__id__":8},{"__id__":9}],"_level":2,"_prefab":{"__type__":"cc.PrefabInfo","root":{"__id__":1},"asset":{"__id__":0},"fileId":"79iNovmrZHMoOpDUHVq6u2"},"_scale":{"__type__":"cc.Vec3","x":1,"y":1,"z":1}},{"__type__":"cc.Node","_name":"Light","_parent":{"__id__":4},"_level":3,"_components":[{"__id__":6}],"_prefab":{"__type__":"cc.PrefabInfo","root":{"__id__":1},"asset":{"__id__":0},"fileId":"c1Sdlp9A5D2KFdyU5XEHjH"},"_color":{"__type__":"cc.Color","g":74,"b":255},"_contentSize":{"__type__":"cc.Size","width":192,"height":192},"_scale":{"__type__":"cc.Vec3","x":3,"y":3,"z":1}},{"__type__":"cc.Sprite","node":{"__id__":5},"_spriteFrame":{"__uuid__":"4fUd64ES9OMKCpy1tTL2bc"}},{"__type__":"cc.Node","_name":"Track","_parent":{"__id__":4},"_level":3,"_components":[{"__type__":"cc.Sprite","node":{"__id__":7},"_spriteFrame":{"__uuid__":"6eds5f1tREEoo9mYwEHdbT"}}],"_prefab":{"__type__":"cc.PrefabInfo","root":{"__id__":1},"asset":{"__id__":0},"fileId":"4bCimoYvxLSb54U8blgpYK"},"_contentSize":{"__type__":"cc.Size","width":90,"height":218},"_position":{"__type__":"cc.Vec3","x":-64},"_scale":{"__type__":"cc.Vec3","x":1,"y":1,"z":1}},{"__type__":"cc.Node","_name":"Track","_parent":{"__id__":4},"_level":3,"_components":[{"__type__":"cc.Sprite","node":{"__id__":8},"_spriteFrame":{"__uuid__":"6eds5f1tREEoo9mYwEHdbT"}}],"_prefab":{"__type__":"cc.PrefabInfo","root":{"__id__":1},"asset":{"__id__":0},"fileId":"d4Z1iRc4dCWLSANDutYjTK"},"_contentSize":{"__type__":"cc.Size","width":90,"height":218},"_position":{"__type__":"cc.Vec3","x":64},"_scale":{"__type__":"cc.Vec3","x":1,"y":1,"z":1}},{"__type__":"cc.Node","_name":"Hull","_parent":{"__id__":4},"_level":3,"_components":[{"__type__":"cc.Sprite","node":{"__id__":9},"_spriteFrame":{"__uuid__":"4aXhAF17xKMYmOeCcpn0kV"}}],"_prefab":{"__type__":"cc.PrefabInfo","root":{"__id__":1},"asset":{"__id__":0},"fileId":"9biJmWZxFPu5JO4r5H4fHh"},"_contentSize":{"__type__":"cc.Size","width":150,"height":216},"_scale":{"__type__":"cc.Vec3","x":1,"y":1,"z":1}},{"__type__":"cc.Node","_name":"Tower","_parent":{"__id__":1},"_children":[{"__id__":11},{"__id__":12},{"__id__":13}],"_level":2,"_prefab":{"__type__":"cc.PrefabInfo","root":{"__id__":1},"asset":{"__id__":0},"fileId":"2eah098nNITZi//dZpTpdg"},"_scale":{"__type__":"cc.Vec3","x":1,"y":1,"z":1}},{"__type__":"cc.Node","_name":"Gun","_parent":{"__id__":10},"_level":3,"_components":[{"__type__":"cc.Sprite","node":{"__id__":11},"_spriteFrame":{"__uuid__":"22XlZNFb1JwKPu8+9lV2zw"}}],"_prefab":{"__type__":"cc.PrefabInfo","root":{"__id__":1},"asset":{"__id__":0},"fileId":"58308YlptLPb/ZZcnhWLrS"},"_contentSize":{"__type__":"cc.Size","width":68,"height":164},"_position":{"__type__":"cc.Vec3","x":-1.5,"y":104.4},"_scale":{"__type__":"cc.Vec3","x":1,"y":1,"z":1}},{"__type__":"cc.Node","_name":"GunConnector","_parent":{"__id__":10},"_level":3,"_components":[{"__type__":"cc.Sprite","node":{"__id__":12},"_spriteFrame":{"__uuid__":"fbq9MlC1ZJxbUBHYzWzSt8"}}],"_prefab":{"__type__":"cc.PrefabInfo","root":{"__id__":1},"asset":{"__id__":0},"fileId":"48cMqtruJLR6wTV2hlAYAs"},"_contentSize":{"__type__":"cc.Size","width":60,"height":46},"_position":{"__type__":"cc.Vec3","y":30.6},"_scale":{"__type__":"cc.Vec3","x":1,"y":1,"z":1}},{"__type__":"cc.Node","_name":"Tower","_parent":{"__id__":10},"_level":3,"_components":[{"__type__":"cc.Sprite","node":{"__id__":13},"_spriteFrame":{"__uuid__":"f0lnIOD2NGqq275BZnZvY8"}}],"_prefab":{"__type__":"cc.PrefabInfo","root":{"__id__":1},"asset":{"__id__":0},"fileId":"0f252UzzlFEJea/y1l35t0"},"_contentSize":{"__type__":"cc.Size","width":168,"height":146},"_position":{"__type__":"cc.Vec3","y":-37},"_scale":{"__type__":"cc.Vec3","x":1,"y":1,"z":1}},{"__type__":"cc.Node","_name":"progressBar","_parent":{"__id__":1},"_children":[{"__id__":15}],"_level":2,"_components":[{"__type__":"cc.Sprite","node":{"__id__":14},"_spriteFrame":{"__uuid__":"73hWxUKHZBvLWNP7gUUs09"},"_type":1,"_sizeMode":0},{"__id__":17}],"_prefab":{"__type__":"cc.PrefabInfo","root":{"__id__":1},"asset":{"__id__":0},"fileId":"e5zQz3ZSdIXIw4EkrhhOLZ"},"_contentSize":{"__type__":"cc.Size","width":300,"height":30},"_position":{"__type__":"cc.Vec3","y":-166.5},"_scale":{"__type__":"cc.Vec3","x":1,"y":1,"z":1}},{"__type__":"cc.Node","_name":"bar","_parent":{"__id__":14},"_components":[{"__id__":16}],"_prefab":{"__type__":"cc.PrefabInfo","root":{"__id__":1},"asset":{"__id__":0},"fileId":"07GTnBRCpMqI3Spc/pEB0u"},"_contentSize":{"__type__":"cc.Size","width":300,"height":30},"_anchorPoint":{"__type__":"cc.Vec2","y":0.5},"_position":{"__type__":"cc.Vec3","x":-150},"_scale":{"__type__":"cc.Vec3","x":1,"y":1,"z":1}},{"__type__":"cc.Sprite","node":{"__id__":15},"_spriteFrame":{"__uuid__":"ebqWDW7ehCYJ4a3tG0XVuX"},"_type":3,"_sizeMode":0,"_fillRange":0.1},{"__type__":"cc.ProgressBar","node":{"__id__":14},"_N$barSprite":{"__id__":16},"_N$mode":2,"_N$progress":0.1},{"__type__":"cc.Node","_name":"gridinfo","_parent":{"__id__":1},"_level":2,"_components":[{"__id__":19}],"_prefab":{"__type__":"cc.PrefabInfo","root":{"__id__":1},"asset":{"__id__":0},"fileId":"a4csbXnLhAtKdYdJuW0d0j"},"_contentSize":{"__type__":"cc.Size","width":97.87,"height":40},"_position":{"__type__":"cc.Vec3","y":-219.9},"_scale":{"__type__":"cc.Vec3","x":1,"y":1,"z":1}},{"__type__":"cc.Label","node":{"__id__":18},"_useOriginalSize":false,"_string":"Label","_N$string":"Label","_N$horizontalAlign":1,"_N$verticalAlign":1}],{"__type__":"cc.SpriteFrame","content":{"name":"Guns-MediumGunB","texture":"bcsbU8IrNEtJQaYj+wkfLL","rect":[0,744,68,164],"offset":[0,0],"originalSize":[256,256],"rotated":1,"capInsets":[0,0,0,0]}},{"__type__":"cc.SpriteFrame","content":{"name":"Tracks-TrackСFrame2","texture":"bcsbU8IrNEtJQaYj+wkfLL","rect":[388,0,94,214],"offset":[0,0],"originalSize":[256,256],"capInsets":[0,0,0,0]}},{"__type__":"cc.SpriteFrame","content":{"name":"Guns-SmallGunC","texture":"bcsbU8IrNEtJQaYj+wkfLL","rect":[438,214,36,88],"offset":[-1,0],"originalSize":[256,256],"rotated":1,"capInsets":[0,0,0,0]}},{"__type__":"cc.SpriteFrame","content":{"name":"Hulls-MediumHullA","texture":"bcsbU8IrNEtJQaYj+wkfLL","rect":[570,0,120,180],"offset":[0,0],"originalSize":[256,256],"capInsets":[0,0,0,0]}},[{"__type__":"cc.Prefab","_name":"SmallTankC","data":{"__id__":1}},{"__type__":"cc.Node","_name":"SmallTankC","_children":[{"__id__":2},{"__id__":4},{"__id__":10},{"__id__":14},{"__id__":18}],"_level":1,"_components":[{"__type__":"73d275oZi1B5J3PVK9kv+Fl","node":{"__id__":1},"rootNode":{"__id__":1},"tankNode":{"__id__":4},"tankHp":{"__id__":17},"light":{"__id__":6},"userNameTxt":{"__id__":3},"gridInfoTxt":{"__id__":19},"tower":{"__id__":10}}],"_prefab":{"__type__":"cc.PrefabInfo","root":{"__id__":1},"asset":{"__id__":0},"fileId":"f7Q45So+hHC5z2ZDBsMZ2T"},"_position":{"__type__":"cc.Vec3","x":231},"_scale":{"__type__":"cc.Vec3","x":0.16,"y":0.16,"z":1}},{"__type__":"cc.Node","_name":"UserNameTxt","_parent":{"__id__":1},"_level":2,"_components":[{"__id__":3}],"_prefab":{"__type__":"cc.PrefabInfo","root":{"__id__":1},"asset":{"__id__":0},"fileId":"10PILs/shKn5DN3AzLPKYi"},"_contentSize":{"__type__":"cc.Size","width":223.51,"height":60},"_position":{"__type__":"cc.Vec3","y":220},"_scale":{"__type__":"cc.Vec3","x":1,"y":1,"z":1}},{"__type__":"cc.Label","node":{"__id__":2},"_useOriginalSize":false,"_string":"liyunhan","_N$string":"liyunhan","_fontSize":60,"_lineHeight":60,"_N$horizontalAlign":1,"_N$verticalAlign":1},{"__type__":"cc.Node","_name":"TankNode","_parent":{"__id__":1},"_children":[{"__id__":5},{"__id__":7},{"__id__":8},{"__id__":9}],"_level":2,"_prefab":{"__type__":"cc.PrefabInfo","root":{"__id__":1},"asset":{"__id__":0},"fileId":"841+XJ+ndKqZ3OeRZycxXg"},"_scale":{"__type__":"cc.Vec3","x":1,"y":1,"z":1}},{"__type__":"cc.Node","_name":"Light","_parent":{"__id__":4},"_level":3,"_components":[{"__id__":6}],"_prefab":{"__type__":"cc.PrefabInfo","root":{"__id__":1},"asset":{"__id__":0},"fileId":"54vVnGXOJCqJc8Yd9wF+kS"},"_color":{"__type__":"cc.Color","g":74,"b":255},"_contentSize":{"__type__":"cc.Size","width":192,"height":192},"_scale":{"__type__":"cc.Vec3","x":3,"y":3,"z":1}},{"__type__":"cc.Sprite","node":{"__id__":5},"_spriteFrame":{"__uuid__":"4fUd64ES9OMKCpy1tTL2bc"}},{"__type__":"cc.Node","_name":"Track","_parent":{"__id__":4},"_level":3,"_components":[{"__type__":"cc.Sprite","node":{"__id__":7},"_spriteFrame":{"__uuid__":"6eds5f1tREEoo9mYwEHdbT"}}],"_prefab":{"__type__":"cc.PrefabInfo","root":{"__id__":1},"asset":{"__id__":0},"fileId":"d7+iuNdFtOOq1AMrVhd1Qi"},"_contentSize":{"__type__":"cc.Size","width":90,"height":218},"_position":{"__type__":"cc.Vec3","x":-64},"_scale":{"__type__":"cc.Vec3","x":1,"y":1,"z":1}},{"__type__":"cc.Node","_name":"Track","_parent":{"__id__":4},"_level":3,"_components":[{"__type__":"cc.Sprite","node":{"__id__":8},"_spriteFrame":{"__uuid__":"6eds5f1tREEoo9mYwEHdbT"}}],"_prefab":{"__type__":"cc.PrefabInfo","root":{"__id__":1},"asset":{"__id__":0},"fileId":"09uwDxRKFETKdBMPOEHbMN"},"_contentSize":{"__type__":"cc.Size","width":90,"height":218},"_position":{"__type__":"cc.Vec3","x":64},"_scale":{"__type__":"cc.Vec3","x":1,"y":1,"z":1}},{"__type__":"cc.Node","_name":"Hull","_parent":{"__id__":4},"_level":3,"_components":[{"__type__":"cc.Sprite","node":{"__id__":9},"_spriteFrame":{"__uuid__":"f9yB++lOVPD6NlRYUVlpyh"}}],"_prefab":{"__type__":"cc.PrefabInfo","root":{"__id__":1},"asset":{"__id__":0},"fileId":"93psdOyidBp5WuSB/Pmc8x"},"_contentSize":{"__type__":"cc.Size","width":150,"height":156},"_scale":{"__type__":"cc.Vec3","x":1,"y":1,"z":1}},{"__type__":"cc.Node","_name":"Tower","_parent":{"__id__":1},"_children":[{"__id__":11},{"__id__":12},{"__id__":13}],"_level":2,"_prefab":{"__type__":"cc.PrefabInfo","root":{"__id__":1},"asset":{"__id__":0},"fileId":"05/tTdmMhLhpJin67QMquS"},"_scale":{"__type__":"cc.Vec3","x":1,"y":1,"z":1}},{"__type__":"cc.Node","_name":"Gun","_parent":{"__id__":10},"_level":3,"_components":[{"__type__":"cc.Sprite","node":{"__id__":11},"_spriteFrame":{"__uuid__":"24rhqxXrFJtIPhBCgldeVT"}}],"_prefab":{"__type__":"cc.PrefabInfo","root":{"__id__":1},"asset":{"__id__":0},"fileId":"c6FRLojO9EY7cG38t/v24i"},"_contentSize":{"__type__":"cc.Size","width":36,"height":88},"_position":{"__type__":"cc.Vec3","x":-0.5,"y":127},"_scale":{"__type__":"cc.Vec3","x":1,"y":1,"z":1}},{"__type__":"cc.Node","_name":"GunConnector","_parent":{"__id__":10},"_level":3,"_components":[{"__type__":"cc.Sprite","node":{"__id__":12},"_spriteFrame":{"__uuid__":"52w2L1CQ5JOJBQGOt84rT5"}}],"_prefab":{"__type__":"cc.PrefabInfo","root":{"__id__":1},"asset":{"__id__":0},"fileId":"15bIyH+lpBbJQPBTFodNGN"},"_contentSize":{"__type__":"cc.Size","width":52,"height":54},"_position":{"__type__":"cc.Vec3","y":66},"_scale":{"__type__":"cc.Vec3","x":1,"y":1,"z":1}},{"__type__":"cc.Node","_name":"Tower","_parent":{"__id__":10},"_level":3,"_components":[{"__type__":"cc.Sprite","node":{"__id__":13},"_spriteFrame":{"__uuid__":"55YKT1dfZJNI02cuRWb0pi"}}],"_prefab":{"__type__":"cc.PrefabInfo","root":{"__id__":1},"asset":{"__id__":0},"fileId":"7fqY2eFtlJ76YFHmEOzehp"},"_contentSize":{"__type__":"cc.Size","width":102,"height":104},"_scale":{"__type__":"cc.Vec3","x":1,"y":1,"z":1}},{"__type__":"cc.Node","_name":"progressBar","_parent":{"__id__":1},"_children":[{"__id__":15}],"_level":2,"_components":[{"__type__":"cc.Sprite","node":{"__id__":14},"_spriteFrame":{"__uuid__":"73hWxUKHZBvLWNP7gUUs09"},"_type":1,"_sizeMode":0},{"__id__":17}],"_prefab":{"__type__":"cc.PrefabInfo","root":{"__id__":1},"asset":{"__id__":0},"fileId":"edrc2k73xKeYV8ont24pvU"},"_contentSize":{"__type__":"cc.Size","width":300,"height":30},"_position":{"__type__":"cc.Vec3","y":-166.5},"_scale":{"__type__":"cc.Vec3","x":1,"y":1,"z":1}},{"__type__":"cc.Node","_name":"bar","_parent":{"__id__":14},"_components":[{"__id__":16}],"_prefab":{"__type__":"cc.PrefabInfo","root":{"__id__":1},"asset":{"__id__":0},"fileId":"9dTENmFgxIorv/WCrNgRm/"},"_contentSize":{"__type__":"cc.Size","width":300,"height":30},"_anchorPoint":{"__type__":"cc.Vec2","y":0.5},"_position":{"__type__":"cc.Vec3","x":-150},"_scale":{"__type__":"cc.Vec3","x":1,"y":1,"z":1}},{"__type__":"cc.Sprite","node":{"__id__":15},"_spriteFrame":{"__uuid__":"ebqWDW7ehCYJ4a3tG0XVuX"},"_type":3,"_sizeMode":0,"_fillRange":0.1},{"__type__":"cc.ProgressBar","node":{"__id__":14},"_N$barSprite":{"__id__":16},"_N$mode":2,"_N$progress":0.1},{"__type__":"cc.Node","_name":"gridinfo","_parent":{"__id__":1},"_level":2,"_components":[{"__id__":19}],"_prefab":{"__type__":"cc.PrefabInfo","root":{"__id__":1},"asset":{"__id__":0},"fileId":"9bluYC4RVGr4STD3RHegcL"},"_contentSize":{"__type__":"cc.Size","width":97.87,"height":40},"_position":{"__type__":"cc.Vec3","y":-219.9},"_scale":{"__type__":"cc.Vec3","x":1,"y":1,"z":1}},{"__type__":"cc.Label","node":{"__id__":18},"_useOriginalSize":false,"_string":"Label","_N$string":"Label","_N$horizontalAlign":1,"_N$verticalAlign":1}],[{"__type__":"cc.Prefab","_name":"BaseBullet","data":{"__id__":1}},{"__type__":"cc.Node","_name":"BaseBullet","_children":[{"__id__":2},{"__id__":6},{"__id__":10},{"__id__":14},{"__id__":18},{"__id__":22}],"_level":1,"_components":[{"__type__":"bda69tcGdBDrLJOdhJFIRno","node":{"__id__":1},"rootNode":{"__id__":1},"sm":{"__id__":5},"md":{"__id__":9},"hv":{"__id__":13},"ls":{"__id__":17},"pz":{"__id__":21},"rk":{"__id__":25}}],"_prefab":{"__type__":"cc.PrefabInfo","root":{"__id__":1},"asset":{"__uuid__":"3brns/+3pDlpRKpBH7pdhB"},"fileId":"1atwJkhedAyp4nCD3e5ncB"},"_position":{"__type__":"cc.Vec3","x":74.7,"y":88.3},"_scale":{"__type__":"cc.Vec3","x":1,"y":1,"z":1}},{"__type__":"cc.Node","_name":"sm","_parent":{"__id__":1},"_children":[{"__id__":3},{"__id__":4}],"_level":3,"_components":[{"__id__":5}],"_prefab":{"__type__":"cc.PrefabInfo","root":{"__id__":1},"asset":{"__uuid__":"3brns/+3pDlpRKpBH7pdhB"},"fileId":"11/JlzQ8xKObb8N2GAROYv"},"_scale":{"__type__":"cc.Vec3","x":0.3,"y":0.3,"z":1}},{"__type__":"cc.Node","_name":"bullet","_parent":{"__id__":2},"_active":false,"_level":4,"_components":[{"__type__":"cc.Sprite","node":{"__id__":3},"_spriteFrame":{"__uuid__":"061hk87BBPMY5GNE5peBy2"}}],"_prefab":{"__type__":"cc.PrefabInfo","root":{"__id__":1},"asset":{"__uuid__":"3brns/+3pDlpRKpBH7pdhB"},"fileId":"68x3eHGnBJIayLoIWWOJWD"},"_contentSize":{"__type__":"cc.Size","width":34,"height":50},"_scale":{"__type__":"cc.Vec3","x":1,"y":1,"z":1}},{"__type__":"cc.Node","_name":"TailParticle","_parent":{"__id__":2},"_active":false,"_level":4,"_components":[{"__type__":"cc.ParticleSystem","node":{"__id__":4},"_custom":true,"_file":{"__uuid__":"b2aHrECZ5APKGS/0d2hvT1"},"_spriteFrame":{"__uuid__":"47LfXTNedBhJ5sf0G+5l7j"},"_dstBlendFactor":1,"totalParticles":999,"emissionRate":999.999985098839,"life":0.20000000298023224,"lifeVar":0.5,"_startColor":{"__type__":"cc.Color","r":202,"g":200,"b":86,"a":163},"_startColorVar":{"__type__":"cc.Color","r":229,"g":255,"b":173,"a":198},"_endColor":{"__type__":"cc.Color","r":173,"g":161,"b":19,"a":214},"_endColorVar":{"__type__":"cc.Color","r":107,"g":249,"b":249,"a":188},"angle":360,"angleVar":360,"startSize":3,"startSizeVar":30,"endSize":60,"endSizeVar":120,"startSpin":-47.369998931884766,"endSpin":-47.369998931884766,"endSpinVar":-142.11000061035156,"posVar":{"__type__":"cc.Vec2","x":7,"y":7},"positionType":2,"gravity":{"__type__":"cc.Vec2","x":0.25,"y":0.8600000143051147},"speed":0,"speedVar":190.7899932861328,"tangentialAccel":-92.11000061035156,"tangentialAccelVar":65.79000091552734,"radialAccel":-671.0499877929688,"radialAccelVar":65.79000091552734,"startRadius":100}],"_prefab":{"__type__":"cc.PrefabInfo","root":{"__id__":1},"asset":{"__uuid__":"3brns/+3pDlpRKpBH7pdhB"},"fileId":"b2Qgk1ostMsYQ1P70Pzhlg"},"_scale":{"__type__":"cc.Vec3","x":1,"y":1,"z":1}},{"__type__":"773b1aabAlDVbaMGuart/RN","node":{"__id__":2},"bulletNode":{"__id__":3},"tailNode":{"__id__":4}},{"__type__":"cc.Node","_name":"md","_parent":{"__id__":1},"_children":[{"__id__":7},{"__id__":8}],"_level":3,"_components":[{"__id__":9}],"_prefab":{"__type__":"cc.PrefabInfo","root":{"__id__":1},"asset":{"__uuid__":"3brns/+3pDlpRKpBH7pdhB"},"fileId":"46lxis4UBGoIb3H5me9PW0"},"_scale":{"__type__":"cc.Vec3","x":0.3,"y":0.3,"z":1}},{"__type__":"cc.Node","_name":"bullet","_parent":{"__id__":6},"_active":false,"_level":4,"_components":[{"__type__":"cc.Sprite","node":{"__id__":7},"_spriteFrame":{"__uuid__":"5773u0bopEc4Nc85Z/FbzI"}}],"_prefab":{"__type__":"cc.PrefabInfo","root":{"__id__":1},"asset":{"__uuid__":"3brns/+3pDlpRKpBH7pdhB"},"fileId":"db1u1pC/9G262NVnm6JjM/"},"_contentSize":{"__type__":"cc.Size","width":44,"height":70},"_scale":{"__type__":"cc.Vec3","x":1,"y":1,"z":1}},{"__type__":"cc.Node","_name":"TailParticle","_parent":{"__id__":6},"_active":false,"_level":4,"_components":[{"__type__":"cc.ParticleSystem","node":{"__id__":8},"_custom":true,"_file":{"__uuid__":"b2aHrECZ5APKGS/0d2hvT1"},"_spriteFrame":{"__uuid__":"47LfXTNedBhJ5sf0G+5l7j"},"_dstBlendFactor":1,"totalParticles":999,"emissionRate":999.999985098839,"life":0.20000000298023224,"lifeVar":0.5,"_startColor":{"__type__":"cc.Color","r":202,"g":200,"b":86,"a":163},"_startColorVar":{"__type__":"cc.Color","r":229,"g":255,"b":173,"a":198},"_endColor":{"__type__":"cc.Color","r":173,"g":161,"b":19,"a":214},"_endColorVar":{"__type__":"cc.Color","r":107,"g":249,"b":249,"a":188},"angle":360,"angleVar":360,"startSize":3,"startSizeVar":30,"endSize":60,"endSizeVar":120,"startSpin":-47.369998931884766,"endSpin":-47.369998931884766,"endSpinVar":-142.11000061035156,"posVar":{"__type__":"cc.Vec2","x":7,"y":7},"positionType":2,"gravity":{"__type__":"cc.Vec2","x":0.25,"y":0.8600000143051147},"speed":0,"speedVar":190.7899932861328,"tangentialAccel":-92.11000061035156,"tangentialAccelVar":65.79000091552734,"radialAccel":-671.0499877929688,"radialAccelVar":65.79000091552734,"startRadius":100}],"_prefab":{"__type__":"cc.PrefabInfo","root":{"__id__":1},"asset":{"__uuid__":"3brns/+3pDlpRKpBH7pdhB"},"fileId":"2asGjTecZNd67jlPin2jcq"},"_scale":{"__type__":"cc.Vec3","x":1,"y":1,"z":1}},{"__type__":"773b1aabAlDVbaMGuart/RN","node":{"__id__":6},"bulletNode":{"__id__":7},"tailNode":{"__id__":8}},{"__type__":"cc.Node","_name":"hv","_parent":{"__id__":1},"_children":[{"__id__":11},{"__id__":12}],"_level":3,"_components":[{"__id__":13}],"_prefab":{"__type__":"cc.PrefabInfo","root":{"__id__":1},"asset":{"__uuid__":"3brns/+3pDlpRKpBH7pdhB"},"fileId":"abriFFOelGxaTdzhWUXk44"},"_scale":{"__type__":"cc.Vec3","x":0.3,"y":0.3,"z":1}},{"__type__":"cc.Node","_name":"bullet","_parent":{"__id__":10},"_active":false,"_level":4,"_components":[{"__type__":"cc.Sprite","node":{"__id__":11},"_spriteFrame":{"__uuid__":"61c3aDn/RKnr8bPZTiQesp"}}],"_prefab":{"__type__":"cc.PrefabInfo","root":{"__id__":1},"asset":{"__uuid__":"3brns/+3pDlpRKpBH7pdhB"},"fileId":"91BjKI/MxMnpYkMgKhhEs8"},"_contentSize":{"__type__":"cc.Size","width":52,"height":102},"_scale":{"__type__":"cc.Vec3","x":1,"y":1,"z":1}},{"__type__":"cc.Node","_name":"TailParticle","_parent":{"__id__":10},"_active":false,"_level":4,"_components":[{"__type__":"cc.ParticleSystem","node":{"__id__":12},"_custom":true,"_file":{"__uuid__":"b2aHrECZ5APKGS/0d2hvT1"},"_spriteFrame":{"__uuid__":"47LfXTNedBhJ5sf0G+5l7j"},"_dstBlendFactor":1,"totalParticles":999,"emissionRate":999.999985098839,"life":0.20000000298023224,"lifeVar":0.5,"_startColor":{"__type__":"cc.Color","r":202,"g":200,"b":86,"a":163},"_startColorVar":{"__type__":"cc.Color","r":229,"g":255,"b":173,"a":198},"_endColor":{"__type__":"cc.Color","r":173,"g":161,"b":19,"a":214},"_endColorVar":{"__type__":"cc.Color","r":107,"g":249,"b":249,"a":188},"angle":360,"angleVar":360,"startSize":3,"startSizeVar":30,"endSize":60,"endSizeVar":120,"startSpin":-47.369998931884766,"endSpin":-47.369998931884766,"endSpinVar":-142.11000061035156,"posVar":{"__type__":"cc.Vec2","x":7,"y":7},"positionType":2,"gravity":{"__type__":"cc.Vec2","x":0.25,"y":0.8600000143051147},"speed":0,"speedVar":190.7899932861328,"tangentialAccel":-92.11000061035156,"tangentialAccelVar":65.79000091552734,"radialAccel":-671.0499877929688,"radialAccelVar":65.79000091552734,"startRadius":100}],"_prefab":{"__type__":"cc.PrefabInfo","root":{"__id__":1},"asset":{"__uuid__":"3brns/+3pDlpRKpBH7pdhB"},"fileId":"dfHIGX6wFNpJcUEK/zDCmi"},"_scale":{"__type__":"cc.Vec3","x":1,"y":1,"z":1}},{"__type__":"773b1aabAlDVbaMGuart/RN","node":{"__id__":10},"bulletNode":{"__id__":11},"tailNode":{"__id__":12}},{"__type__":"cc.Node","_name":"ls","_parent":{"__id__":1},"_children":[{"__id__":15},{"__id__":16}],"_level":3,"_components":[{"__id__":17}],"_prefab":{"__type__":"cc.PrefabInfo","root":{"__id__":1},"asset":{"__uuid__":"3brns/+3pDlpRKpBH7pdhB"},"fileId":"1dPygLoRxNFJyelrxeUb/U"},"_scale":{"__type__":"cc.Vec3","x":0.3,"y":0.3,"z":1}},{"__type__":"cc.Node","_name":"bullet","_parent":{"__id__":14},"_active":false,"_level":4,"_components":[{"__type__":"cc.Sprite","node":{"__id__":15},"_spriteFrame":{"__uuid__":"b831NiabtPlaZoKN36VRGK"}}],"_prefab":{"__type__":"cc.PrefabInfo","root":{"__id__":1},"asset":{"__uuid__":"3brns/+3pDlpRKpBH7pdhB"},"fileId":"0dgSbclrFIVp+48CfPIUdT"},"_contentSize":{"__type__":"cc.Size","width":36,"height":110},"_scale":{"__type__":"cc.Vec3","x":1,"y":1,"z":1}},{"__type__":"cc.Node","_name":"TailParticle","_parent":{"__id__":14},"_active":false,"_level":4,"_components":[{"__type__":"cc.ParticleSystem","node":{"__id__":16},"_custom":true,"_file":{"__uuid__":"b2aHrECZ5APKGS/0d2hvT1"},"_spriteFrame":{"__uuid__":"47LfXTNedBhJ5sf0G+5l7j"},"_dstBlendFactor":1,"totalParticles":999,"emissionRate":999.999985098839,"life":0.20000000298023224,"lifeVar":0.5,"_startColor":{"__type__":"cc.Color","r":202,"g":200,"b":86,"a":163},"_startColorVar":{"__type__":"cc.Color","r":229,"g":255,"b":173,"a":198},"_endColor":{"__type__":"cc.Color","r":173,"g":161,"b":19,"a":214},"_endColorVar":{"__type__":"cc.Color","r":107,"g":249,"b":249,"a":188},"angle":360,"angleVar":360,"startSize":3,"startSizeVar":30,"endSize":60,"endSizeVar":120,"startSpin":-47.369998931884766,"endSpin":-47.369998931884766,"endSpinVar":-142.11000061035156,"posVar":{"__type__":"cc.Vec2","x":7,"y":7},"positionType":2,"gravity":{"__type__":"cc.Vec2","x":0.25,"y":0.8600000143051147},"speed":0,"speedVar":190.7899932861328,"tangentialAccel":-92.11000061035156,"tangentialAccelVar":65.79000091552734,"radialAccel":-671.0499877929688,"radialAccelVar":65.79000091552734,"startRadius":100}],"_prefab":{"__type__":"cc.PrefabInfo","root":{"__id__":1},"asset":{"__uuid__":"3brns/+3pDlpRKpBH7pdhB"},"fileId":"eborMuqcRO9qTxy1nsFabb"},"_scale":{"__type__":"cc.Vec3","x":1,"y":1,"z":1}},{"__type__":"773b1aabAlDVbaMGuart/RN","node":{"__id__":14},"bulletNode":{"__id__":15},"tailNode":{"__id__":16}},{"__type__":"cc.Node","_name":"pz","_parent":{"__id__":1},"_children":[{"__id__":19},{"__id__":20}],"_level":3,"_components":[{"__id__":21}],"_prefab":{"__type__":"cc.PrefabInfo","root":{"__id__":1},"asset":{"__uuid__":"3brns/+3pDlpRKpBH7pdhB"},"fileId":"39gEFykn9CB6v2h/neEJMQ"},"_scale":{"__type__":"cc.Vec3","x":0.3,"y":0.3,"z":1}},{"__type__":"cc.Node","_name":"bullet","_parent":{"__id__":18},"_active":false,"_level":4,"_components":[{"__type__":"cc.Sprite","node":{"__id__":19},"_spriteFrame":{"__uuid__":"4ap3J8HG9P7LKNwKGXdytM"}}],"_prefab":{"__type__":"cc.PrefabInfo","root":{"__id__":1},"asset":{"__uuid__":"3brns/+3pDlpRKpBH7pdhB"},"fileId":"a2JN5toGhPra/5aKDPU4lu"},"_contentSize":{"__type__":"cc.Size","width":56,"height":70},"_scale":{"__type__":"cc.Vec3","x":1,"y":1,"z":1}},{"__type__":"cc.Node","_name":"TailParticle","_parent":{"__id__":18},"_active":false,"_level":4,"_components":[{"__type__":"cc.ParticleSystem","node":{"__id__":20},"_custom":true,"_file":{"__uuid__":"b2aHrECZ5APKGS/0d2hvT1"},"_spriteFrame":{"__uuid__":"47LfXTNedBhJ5sf0G+5l7j"},"_dstBlendFactor":1,"totalParticles":999,"emissionRate":999.999985098839,"life":0.20000000298023224,"lifeVar":0.5,"_startColor":{"__type__":"cc.Color","r":202,"g":200,"b":86,"a":163},"_startColorVar":{"__type__":"cc.Color","r":229,"g":255,"b":173,"a":198},"_endColor":{"__type__":"cc.Color","r":173,"g":161,"b":19,"a":214},"_endColorVar":{"__type__":"cc.Color","r":107,"g":249,"b":249,"a":188},"angle":360,"angleVar":360,"startSize":3,"startSizeVar":30,"endSize":60,"endSizeVar":120,"startSpin":-47.369998931884766,"endSpin":-47.369998931884766,"endSpinVar":-142.11000061035156,"posVar":{"__type__":"cc.Vec2","x":7,"y":7},"positionType":2,"gravity":{"__type__":"cc.Vec2","x":0.25,"y":0.8600000143051147},"speed":0,"speedVar":190.7899932861328,"tangentialAccel":-92.11000061035156,"tangentialAccelVar":65.79000091552734,"radialAccel":-671.0499877929688,"radialAccelVar":65.79000091552734,"startRadius":100}],"_prefab":{"__type__":"cc.PrefabInfo","root":{"__id__":1},"asset":{"__uuid__":"3brns/+3pDlpRKpBH7pdhB"},"fileId":"e89RyvuERHkoXK5GoV3vFE"},"_scale":{"__type__":"cc.Vec3","x":1,"y":1,"z":1}},{"__type__":"773b1aabAlDVbaMGuart/RN","node":{"__id__":18},"bulletNode":{"__id__":19},"tailNode":{"__id__":20}},{"__type__":"cc.Node","_name":"rk","_parent":{"__id__":1},"_children":[{"__id__":23},{"__id__":24}],"_level":3,"_components":[{"__id__":25}],"_prefab":{"__type__":"cc.PrefabInfo","root":{"__id__":1},"asset":{"__uuid__":"3brns/+3pDlpRKpBH7pdhB"},"fileId":"1cDNmy4NNO2rdeqoDpeaA/"},"_scale":{"__type__":"cc.Vec3","x":0.3,"y":0.3,"z":1}},{"__type__":"cc.Node","_name":"bullet","_parent":{"__id__":22},"_active":false,"_level":4,"_components":[{"__type__":"cc.Sprite","node":{"__id__":23},"_spriteFrame":{"__uuid__":"cappjZEHBB3ogRDDE+PdJc"}}],"_prefab":{"__type__":"cc.PrefabInfo","root":{"__id__":1},"asset":{"__uuid__":"3brns/+3pDlpRKpBH7pdhB"},"fileId":"0eDXPdLfpCEoYfv2JbJZOt"},"_contentSize":{"__type__":"cc.Size","width":58,"height":96},"_scale":{"__type__":"cc.Vec3","x":1,"y":1,"z":1}},{"__type__":"cc.Node","_name":"TailParticle","_parent":{"__id__":22},"_active":false,"_level":4,"_components":[{"__type__":"cc.ParticleSystem","node":{"__id__":24},"_custom":true,"_file":{"__uuid__":"b2aHrECZ5APKGS/0d2hvT1"},"_spriteFrame":{"__uuid__":"47LfXTNedBhJ5sf0G+5l7j"},"_dstBlendFactor":1,"totalParticles":999,"emissionRate":999.999985098839,"life":0.20000000298023224,"lifeVar":0.5,"_startColor":{"__type__":"cc.Color","r":202,"g":200,"b":86,"a":163},"_startColorVar":{"__type__":"cc.Color","r":229,"g":255,"b":173,"a":198},"_endColor":{"__type__":"cc.Color","r":173,"g":161,"b":19,"a":214},"_endColorVar":{"__type__":"cc.Color","r":107,"g":249,"b":249,"a":188},"angle":360,"angleVar":360,"startSize":3,"startSizeVar":30,"endSize":60,"endSizeVar":120,"startSpin":-47.369998931884766,"endSpin":-47.369998931884766,"endSpinVar":-142.11000061035156,"posVar":{"__type__":"cc.Vec2","x":7,"y":7},"positionType":2,"gravity":{"__type__":"cc.Vec2","x":0.25,"y":0.8600000143051147},"speed":0,"speedVar":190.7899932861328,"tangentialAccel":-92.11000061035156,"tangentialAccelVar":65.79000091552734,"radialAccel":-671.0499877929688,"radialAccelVar":65.79000091552734,"startRadius":100}],"_prefab":{"__type__":"cc.PrefabInfo","root":{"__id__":1},"asset":{"__uuid__":"3brns/+3pDlpRKpBH7pdhB"},"fileId":"e0P1tNq5BFO5Ctdik5PO0L"},"_scale":{"__type__":"cc.Vec3","x":1,"y":1,"z":1}},{"__type__":"773b1aabAlDVbaMGuart/RN","node":{"__id__":22},"bulletNode":{"__id__":23},"tailNode":{"__id__":24}}],{"__type__":"cc.SpriteFrame","content":{"name":"Guns-HeavyGunA","texture":"bcsbU8IrNEtJQaYj+wkfLL","rect":[296,690,120,200],"offset":[0,0],"originalSize":[256,256],"rotated":1,"capInsets":[0,0,0,0]}},{"__type__":"cc.SpriteFrame","content":{"name":"nail-small_enemy","texture":"bcsbU8IrNEtJQaYj+wkfLL","rect":[196,778,35,44],"offset":[0,0],"originalSize":[35,46],"rotated":1,"capInsets":[0,0,0,0]}},{"__type__":"cc.SpriteFrame","content":{"name":"Hulls-HeavyHullB","texture":"bcsbU8IrNEtJQaYj+wkfLL","rect":[0,512,194,232],"offset":[0,0],"originalSize":[256,256],"capInsets":[0,0,0,0]}},{"__type__":"cc.SpriteFrame","content":{"name":"atom","texture":"d0qC05vt5GxLaYyB/w3t//","rect":[0,0,31,31],"offset":[0,0],"originalSize":[31,31],"capInsets":[0,0,0,0]}},{"__type__":"cc.SpriteFrame","content":{"name":"Hulls-MediumHullB","texture":"bcsbU8IrNEtJQaYj+wkfLL","rect":[280,474,150,216],"offset":[0,0],"originalSize":[256,256],"capInsets":[0,0,0,0]}},{"__type__":"cc.SpriteFrame","content":{"name":"Projectiles-Plazm","texture":"bcsbU8IrNEtJQaYj+wkfLL","rect":[576,180,56,70],"offset":[0,0],"originalSize":[256,256],"capInsets":[0,0,0,0]}},{"__type__":"cc.SpriteFrame","content":{"name":"Light","texture":"bcsbU8IrNEtJQaYj+wkfLL","rect":[430,468,192,192],"offset":[1,-1],"originalSize":[256,256],"capInsets":[0,0,0,0]}},{"__type__":"cc.SpriteFrame","content":{"name":"GunConnectors-GunConnectorA","texture":"bcsbU8IrNEtJQaYj+wkfLL","rect":[838,574,52,54],"offset":[0,0],"originalSize":[256,256],"rotated":1,"capInsets":[0,0,0,0]}},{"__type__":"cc.SpriteFrame","content":{"name":"Towers-SmallTowerC","texture":"bcsbU8IrNEtJQaYj+wkfLL","rect":[622,548,102,104],"offset":[0,1],"originalSize":[256,256],"capInsets":[0,0,0,0]}},{"__type__":"cc.SpriteFrame","content":{"name":"Projectiles-MediumShell","texture":"bcsbU8IrNEtJQaYj+wkfLL","rect":[742,502,44,70],"offset":[0,0],"originalSize":[256,256],"rotated":1,"capInsets":[0,0,0,0]}},{"__type__":"cc.SpriteFrame","content":{"name":"Towers-MediumTowerA","texture":"bcsbU8IrNEtJQaYj+wkfLL","rect":[900,574,134,120],"offset":[0,0],"originalSize":[256,256],"rotated":1,"capInsets":[0,0,0,0]}},{"__type__":"cc.SpriteFrame","content":{"name":"GunConnectors-GunConnectorC","texture":"bcsbU8IrNEtJQaYj+wkfLL","rect":[212,218,116,38],"offset":[0,0],"originalSize":[256,256],"capInsets":[0,0,0,0]}},{"__type__":"cc.SpriteFrame","content":{"name":"Tracks-TrackDFrame2","texture":"bcsbU8IrNEtJQaYj+wkfLL","rect":[482,0,88,214],"offset":[0,0],"originalSize":[256,256],"capInsets":[0,0,0,0]}},[{"__type__":"cc.Prefab","_name":"HeavyTankC","data":{"__id__":1}},{"__type__":"cc.Node","_name":"HeavyTankC","_children":[{"__id__":2},{"__id__":4},{"__id__":10},{"__id__":14},{"__id__":18}],"_level":1,"_components":[{"__type__":"73d275oZi1B5J3PVK9kv+Fl","node":{"__id__":1},"rootNode":{"__id__":1},"tankNode":{"__id__":4},"tankHp":{"__id__":17},"light":{"__id__":6},"userNameTxt":{"__id__":3},"gridInfoTxt":{"__id__":19},"tower":{"__id__":10}}],"_prefab":{"__type__":"cc.PrefabInfo","root":{"__id__":1},"asset":{"__id__":0},"fileId":"02N+XZq3JBUL564ZuxuAER"},"_position":{"__type__":"cc.Vec3","x":637},"_scale":{"__type__":"cc.Vec3","x":0.16,"y":0.16,"z":1}},{"__type__":"cc.Node","_name":"UserNameTxt","_parent":{"__id__":1},"_level":2,"_components":[{"__id__":3}],"_prefab":{"__type__":"cc.PrefabInfo","root":{"__id__":1},"asset":{"__id__":0},"fileId":"5fuDYRFx9OqKKj08xmYrc/"},"_contentSize":{"__type__":"cc.Size","width":223.51,"height":60},"_position":{"__type__":"cc.Vec3","y":295.6},"_scale":{"__type__":"cc.Vec3","x":1,"y":1,"z":1}},{"__type__":"cc.Label","node":{"__id__":2},"_useOriginalSize":false,"_string":"liyunhan","_N$string":"liyunhan","_fontSize":60,"_lineHeight":60,"_N$horizontalAlign":1,"_N$verticalAlign":1},{"__type__":"cc.Node","_name":"TankNode","_parent":{"__id__":1},"_children":[{"__id__":5},{"__id__":7},{"__id__":8},{"__id__":9}],"_level":2,"_prefab":{"__type__":"cc.PrefabInfo","root":{"__id__":1},"asset":{"__id__":0},"fileId":"01vauD8eFDsI31IeSnOuk9"},"_scale":{"__type__":"cc.Vec3","x":1,"y":1,"z":1}},{"__type__":"cc.Node","_name":"Light","_parent":{"__id__":4},"_level":3,"_components":[{"__id__":6}],"_prefab":{"__type__":"cc.PrefabInfo","root":{"__id__":1},"asset":{"__id__":0},"fileId":"4ece7e7zlAobuCQP+uVFWB"},"_color":{"__type__":"cc.Color","g":74,"b":255},"_contentSize":{"__type__":"cc.Size","width":192,"height":192},"_scale":{"__type__":"cc.Vec3","x":3,"y":3,"z":1}},{"__type__":"cc.Sprite","node":{"__id__":5},"_spriteFrame":{"__uuid__":"4fUd64ES9OMKCpy1tTL2bc"}},{"__type__":"cc.Node","_name":"Track","_parent":{"__id__":4},"_level":3,"_components":[{"__type__":"cc.Sprite","node":{"__id__":7},"_spriteFrame":{"__uuid__":"8dQqFCeTRFv6JXzo4qieTD"}}],"_prefab":{"__type__":"cc.PrefabInfo","root":{"__id__":1},"asset":{"__id__":0},"fileId":"a3ksbYtRtDDYRURTFgtKE0"},"_contentSize":{"__type__":"cc.Size","width":88,"height":214},"_position":{"__type__":"cc.Vec3","x":-64},"_scale":{"__type__":"cc.Vec3","x":1,"y":1,"z":1}},{"__type__":"cc.Node","_name":"Track","_parent":{"__id__":4},"_level":3,"_components":[{"__type__":"cc.Sprite","node":{"__id__":8},"_spriteFrame":{"__uuid__":"8dQqFCeTRFv6JXzo4qieTD"}}],"_prefab":{"__type__":"cc.PrefabInfo","root":{"__id__":1},"asset":{"__id__":0},"fileId":"5cOBi5pSJL6YNGtAEd8hKD"},"_contentSize":{"__type__":"cc.Size","width":88,"height":214},"_position":{"__type__":"cc.Vec3","x":64},"_scale":{"__type__":"cc.Vec3","x":1,"y":1,"z":1}},{"__type__":"cc.Node","_name":"Hull","_parent":{"__id__":4},"_level":3,"_components":[{"__type__":"cc.Sprite","node":{"__id__":9},"_spriteFrame":{"__uuid__":"84cR3W6mhIIZJyQloCY9ly"}}],"_prefab":{"__type__":"cc.PrefabInfo","root":{"__id__":1},"asset":{"__id__":0},"fileId":"68I6BMTBBIhpeAo/Lt8DXb"},"_contentSize":{"__type__":"cc.Size","width":194,"height":256},"_scale":{"__type__":"cc.Vec3","x":1,"y":1,"z":1}},{"__type__":"cc.Node","_name":"Tower","_parent":{"__id__":1},"_children":[{"__id__":11},{"__id__":12},{"__id__":13}],"_level":2,"_prefab":{"__type__":"cc.PrefabInfo","root":{"__id__":1},"asset":{"__id__":0},"fileId":"97NMkDDfpIfqJ4w7H7W/VC"},"_scale":{"__type__":"cc.Vec3","x":1,"y":1,"z":1}},{"__type__":"cc.Node","_name":"Gun","_parent":{"__id__":10},"_level":3,"_components":[{"__type__":"cc.Sprite","node":{"__id__":11},"_spriteFrame":{"__uuid__":"89Gy0TzmpEU7YzQEMx8K6D"}}],"_prefab":{"__type__":"cc.PrefabInfo","root":{"__id__":1},"asset":{"__id__":0},"fileId":"0ec8yNOYlPIJn1N2L+2OIG"},"_contentSize":{"__type__":"cc.Size","width":102,"height":160},"_position":{"__type__":"cc.Vec3","x":-1,"y":152.4},"_scale":{"__type__":"cc.Vec3","x":1,"y":1,"z":1}},{"__type__":"cc.Node","_name":"GunConnector","_parent":{"__id__":10},"_level":3,"_components":[{"__type__":"cc.Sprite","node":{"__id__":12},"_spriteFrame":{"__uuid__":"07nUPOFtxDfKopEmiV7JLq"}}],"_prefab":{"__type__":"cc.PrefabInfo","root":{"__id__":1},"asset":{"__id__":0},"fileId":"88tIujvKhPEYm845O6rfLK"},"_contentSize":{"__type__":"cc.Size","width":98,"height":34},"_position":{"__type__":"cc.Vec3","y":84.4},"_scale":{"__type__":"cc.Vec3","x":1,"y":1,"z":1}},{"__type__":"cc.Node","_name":"Tower","_parent":{"__id__":10},"_level":3,"_components":[{"__type__":"cc.Sprite","node":{"__id__":13},"_spriteFrame":{"__uuid__":"680dMUx7pFIIMZCfEhScmM"}}],"_prefab":{"__type__":"cc.PrefabInfo","root":{"__id__":1},"asset":{"__id__":0},"fileId":"0e07IaRd5BzaFwDBqS0VEk"},"_contentSize":{"__type__":"cc.Size","width":188,"height":156},"_scale":{"__type__":"cc.Vec3","x":1,"y":1,"z":1}},{"__type__":"cc.Node","_name":"progressBar","_parent":{"__id__":1},"_children":[{"__id__":15}],"_level":2,"_components":[{"__type__":"cc.Sprite","node":{"__id__":14},"_spriteFrame":{"__uuid__":"73hWxUKHZBvLWNP7gUUs09"},"_type":1,"_sizeMode":0},{"__id__":17}],"_prefab":{"__type__":"cc.PrefabInfo","root":{"__id__":1},"asset":{"__id__":0},"fileId":"53Fp26o2NNXobHZnCtSaM/"},"_contentSize":{"__type__":"cc.Size","width":300,"height":30},"_position":{"__type__":"cc.Vec3","y":-166.5},"_scale":{"__type__":"cc.Vec3","x":1,"y":1,"z":1}},{"__type__":"cc.Node","_name":"bar","_parent":{"__id__":14},"_components":[{"__id__":16}],"_prefab":{"__type__":"cc.PrefabInfo","root":{"__id__":1},"asset":{"__id__":0},"fileId":"43ELuxTHZIWKqBjRhmri9D"},"_contentSize":{"__type__":"cc.Size","width":300,"height":30},"_anchorPoint":{"__type__":"cc.Vec2","y":0.5},"_position":{"__type__":"cc.Vec3","x":-150},"_scale":{"__type__":"cc.Vec3","x":1,"y":1,"z":1}},{"__type__":"cc.Sprite","node":{"__id__":15},"_spriteFrame":{"__uuid__":"ebqWDW7ehCYJ4a3tG0XVuX"},"_type":3,"_sizeMode":0,"_fillRange":0.1},{"__type__":"cc.ProgressBar","node":{"__id__":14},"_N$barSprite":{"__id__":16},"_N$mode":2,"_N$progress":0.1},{"__type__":"cc.Node","_name":"gridinfo","_parent":{"__id__":1},"_level":2,"_components":[{"__id__":19}],"_prefab":{"__type__":"cc.PrefabInfo","root":{"__id__":1},"asset":{"__id__":0},"fileId":"beRZP4VthJ95+psqbNZsU1"},"_contentSize":{"__type__":"cc.Size","width":97.87,"height":40},"_position":{"__type__":"cc.Vec3","y":-219.9},"_scale":{"__type__":"cc.Vec3","x":1,"y":1,"z":1}},{"__type__":"cc.Label","node":{"__id__":18},"_useOriginalSize":false,"_string":"Label","_N$string":"Label","_N$horizontalAlign":1,"_N$verticalAlign":1}],{"__type__":"cc.SpriteFrame","content":{"name":"Projectiles-HeavyShell","texture":"bcsbU8IrNEtJQaYj+wkfLL","rect":[194,692,52,102],"offset":[0,0],"originalSize":[256,256],"rotated":1,"capInsets":[0,0,0,0]}},[{"__type__":"cc.Prefab","_name":"SmallTankA","data":{"__id__":1}},{"__type__":"cc.Node","_name":"SmallTankA","_children":[{"__id__":2},{"__id__":4},{"__id__":10},{"__id__":14},{"__id__":18}],"_level":1,"_components":[{"__type__":"73d275oZi1B5J3PVK9kv+Fl","node":{"__id__":1},"rootNode":{"__id__":1},"tankNode":{"__id__":4},"tankHp":{"__id__":17},"light":{"__id__":6},"userNameTxt":{"__id__":3},"gridInfoTxt":{"__id__":19},"tower":{"__id__":10}}],"_prefab":{"__type__":"cc.PrefabInfo","root":{"__id__":1},"asset":{"__uuid__":"64Vi1iFyNGmJgQS/ri7GwN"},"fileId":"baVxjv4VJLH4ZFj0MhAg18"},"_position":{"__type__":"cc.Vec3","x":75.6},"_scale":{"__type__":"cc.Vec3","x":0.16,"y":0.16,"z":1}},{"__type__":"cc.Node","_name":"UserNameTxt","_parent":{"__id__":1},"_level":2,"_components":[{"__id__":3}],"_prefab":{"__type__":"cc.PrefabInfo","root":{"__id__":1},"asset":{"__uuid__":"64Vi1iFyNGmJgQS/ri7GwN"},"fileId":"eeAz0SG25J5YqCbneG8GIY"},"_contentSize":{"__type__":"cc.Size","width":223.51,"height":60},"_position":{"__type__":"cc.Vec3","y":220},"_scale":{"__type__":"cc.Vec3","x":1,"y":1,"z":1}},{"__type__":"cc.Label","node":{"__id__":2},"_useOriginalSize":false,"_string":"liyunhan","_N$string":"liyunhan","_fontSize":60,"_lineHeight":60,"_N$horizontalAlign":1,"_N$verticalAlign":1},{"__type__":"cc.Node","_name":"TankNode","_parent":{"__id__":1},"_children":[{"__id__":5},{"__id__":7},{"__id__":8},{"__id__":9}],"_level":2,"_prefab":{"__type__":"cc.PrefabInfo","root":{"__id__":1},"asset":{"__uuid__":"64Vi1iFyNGmJgQS/ri7GwN"},"fileId":"09Cy9KON1OnKNu4ZPjwE5i"},"_scale":{"__type__":"cc.Vec3","x":1,"y":1,"z":1}},{"__type__":"cc.Node","_name":"Light","_parent":{"__id__":4},"_level":3,"_components":[{"__id__":6}],"_prefab":{"__type__":"cc.PrefabInfo","root":{"__id__":1},"asset":{"__uuid__":"64Vi1iFyNGmJgQS/ri7GwN"},"fileId":"36RxbHnxhB/4z6lWRAVO7O"},"_color":{"__type__":"cc.Color","g":74,"b":255},"_contentSize":{"__type__":"cc.Size","width":192,"height":192},"_scale":{"__type__":"cc.Vec3","x":3,"y":3,"z":1}},{"__type__":"cc.Sprite","node":{"__id__":5},"_spriteFrame":{"__uuid__":"4fUd64ES9OMKCpy1tTL2bc"}},{"__type__":"cc.Node","_name":"Track","_parent":{"__id__":4},"_level":3,"_components":[{"__type__":"cc.Sprite","node":{"__id__":7},"_spriteFrame":{"__uuid__":"6eds5f1tREEoo9mYwEHdbT"}}],"_prefab":{"__type__":"cc.PrefabInfo","root":{"__id__":1},"asset":{"__uuid__":"64Vi1iFyNGmJgQS/ri7GwN"},"fileId":"3d3jnT2RdLm4YroCE8Livg"},"_contentSize":{"__type__":"cc.Size","width":90,"height":218},"_position":{"__type__":"cc.Vec3","x":-64},"_scale":{"__type__":"cc.Vec3","x":1,"y":1,"z":1}},{"__type__":"cc.Node","_name":"Track","_parent":{"__id__":4},"_level":3,"_components":[{"__type__":"cc.Sprite","node":{"__id__":8},"_spriteFrame":{"__uuid__":"6eds5f1tREEoo9mYwEHdbT"}}],"_prefab":{"__type__":"cc.PrefabInfo","root":{"__id__":1},"asset":{"__uuid__":"64Vi1iFyNGmJgQS/ri7GwN"},"fileId":"4duz04e3xOwZQCXEoOpD4T"},"_contentSize":{"__type__":"cc.Size","width":90,"height":218},"_position":{"__type__":"cc.Vec3","x":64},"_scale":{"__type__":"cc.Vec3","x":1,"y":1,"z":1}},{"__type__":"cc.Node","_name":"Hull","_parent":{"__id__":4},"_level":3,"_components":[{"__type__":"cc.Sprite","node":{"__id__":9},"_spriteFrame":{"__uuid__":"06d8z72txAq7hma5eZH0Uz"}}],"_prefab":{"__type__":"cc.PrefabInfo","root":{"__id__":1},"asset":{"__uuid__":"64Vi1iFyNGmJgQS/ri7GwN"},"fileId":"c5Qa+spQhJvY3gtEDc1Wr7"},"_contentSize":{"__type__":"cc.Size","width":136,"height":148},"_scale":{"__type__":"cc.Vec3","x":1,"y":1,"z":1}},{"__type__":"cc.Node","_name":"Tower","_parent":{"__id__":1},"_children":[{"__id__":11},{"__id__":12},{"__id__":13}],"_level":2,"_prefab":{"__type__":"cc.PrefabInfo","root":{"__id__":1},"asset":{"__uuid__":"64Vi1iFyNGmJgQS/ri7GwN"},"fileId":"55oxU08fBHk7Lth22sE7pF"},"_scale":{"__type__":"cc.Vec3","x":1,"y":1,"z":1}},{"__type__":"cc.Node","_name":"Gun","_parent":{"__id__":10},"_level":3,"_components":[{"__type__":"cc.Sprite","node":{"__id__":11},"_spriteFrame":{"__uuid__":"8fMsSBAyFKIbtFRodZLD+F"}}],"_prefab":{"__type__":"cc.PrefabInfo","root":{"__id__":1},"asset":{"__uuid__":"64Vi1iFyNGmJgQS/ri7GwN"},"fileId":"dcSgMULxpGP4x9bzOMtjz+"},"_contentSize":{"__type__":"cc.Size","width":28,"height":98},"_position":{"__type__":"cc.Vec3","x":-1,"y":127},"_scale":{"__type__":"cc.Vec3","x":1,"y":1,"z":1}},{"__type__":"cc.Node","_name":"GunConnector","_parent":{"__id__":10},"_level":3,"_components":[{"__type__":"cc.Sprite","node":{"__id__":12},"_spriteFrame":{"__uuid__":"fbq9MlC1ZJxbUBHYzWzSt8"}}],"_prefab":{"__type__":"cc.PrefabInfo","root":{"__id__":1},"asset":{"__uuid__":"64Vi1iFyNGmJgQS/ri7GwN"},"fileId":"a30/XdwDRDLZ+WeZtaqNST"},"_contentSize":{"__type__":"cc.Size","width":60,"height":46},"_position":{"__type__":"cc.Vec3","y":66},"_scale":{"__type__":"cc.Vec3","x":1,"y":1,"z":1}},{"__type__":"cc.Node","_name":"Tower","_parent":{"__id__":10},"_level":3,"_components":[{"__type__":"cc.Sprite","node":{"__id__":13},"_spriteFrame":{"__uuid__":"e2NlGNqyBAy5pwKtu7lqXn"}}],"_prefab":{"__type__":"cc.PrefabInfo","root":{"__id__":1},"asset":{"__uuid__":"64Vi1iFyNGmJgQS/ri7GwN"},"fileId":"a82PszCxVFc5WAQT2fereW"},"_contentSize":{"__type__":"cc.Size","width":98,"height":98},"_scale":{"__type__":"cc.Vec3","x":1,"y":1,"z":1}},{"__type__":"cc.Node","_name":"progressBar","_parent":{"__id__":1},"_children":[{"__id__":15}],"_level":2,"_components":[{"__type__":"cc.Sprite","node":{"__id__":14},"_spriteFrame":{"__uuid__":"73hWxUKHZBvLWNP7gUUs09"},"_type":1,"_sizeMode":0},{"__id__":17}],"_prefab":{"__type__":"cc.PrefabInfo","root":{"__id__":1},"asset":{"__uuid__":"64Vi1iFyNGmJgQS/ri7GwN"},"fileId":"4dtNvGiQNJsKMoW2pp5zyv"},"_contentSize":{"__type__":"cc.Size","width":300,"height":30},"_position":{"__type__":"cc.Vec3","y":-166.5},"_scale":{"__type__":"cc.Vec3","x":1,"y":1,"z":1}},{"__type__":"cc.Node","_name":"bar","_parent":{"__id__":14},"_components":[{"__id__":16}],"_prefab":{"__type__":"cc.PrefabInfo","root":{"__id__":1},"asset":{"__uuid__":"64Vi1iFyNGmJgQS/ri7GwN"},"fileId":"17kCzHZOBLG4tFP5yBFwUr"},"_contentSize":{"__type__":"cc.Size","width":300,"height":30},"_anchorPoint":{"__type__":"cc.Vec2","y":0.5},"_position":{"__type__":"cc.Vec3","x":-150},"_scale":{"__type__":"cc.Vec3","x":1,"y":1,"z":1}},{"__type__":"cc.Sprite","node":{"__id__":15},"_spriteFrame":{"__uuid__":"ebqWDW7ehCYJ4a3tG0XVuX"},"_type":3,"_sizeMode":0,"_fillRange":0.1},{"__type__":"cc.ProgressBar","node":{"__id__":14},"_N$barSprite":{"__id__":16},"_N$mode":2,"_N$progress":0.1},{"__type__":"cc.Node","_name":"gridinfo","_parent":{"__id__":1},"_level":2,"_components":[{"__id__":19}],"_prefab":{"__type__":"cc.PrefabInfo","root":{"__id__":1},"asset":{"__uuid__":"64Vi1iFyNGmJgQS/ri7GwN"},"fileId":"a0EJk6JQxBc6i5SzF0yHwo"},"_contentSize":{"__type__":"cc.Size","width":97.87,"height":40},"_position":{"__type__":"cc.Vec3","y":-219.9},"_scale":{"__type__":"cc.Vec3","x":1,"y":1,"z":1}},{"__type__":"cc.Label","node":{"__id__":18},"_useOriginalSize":false,"_string":"Label","_N$string":"Label","_N$horizontalAlign":1,"_N$verticalAlign":1}],{"__type__":"cc.SpriteFrame","content":{"name":"Guns-MediumGunC","texture":"bcsbU8IrNEtJQaYj+wkfLL","rect":[684,446,56,164],"offset":[0,0],"originalSize":[256,256],"rotated":1,"capInsets":[0,0,0,0]}},{"__type__":"cc.SpriteFrame","content":{"name":"Towers-HeavyTowerC","texture":"bcsbU8IrNEtJQaYj+wkfLL","rect":[466,250,188,156],"offset":[0,0],"originalSize":[256,256],"rotated":1,"capInsets":[0,0,0,0]}},[{"__type__":"cc.Prefab","_name":"MidTankA","data":{"__id__":1}},{"__type__":"cc.Node","_name":"MidTankA","_children":[{"__id__":2},{"__id__":4},{"__id__":10},{"__id__":14},{"__id__":18}],"_level":1,"_components":[{"__type__":"73d275oZi1B5J3PVK9kv+Fl","node":{"__id__":1},"rootNode":{"__id__":1},"tankNode":{"__id__":4},"tankHp":{"__id__":17},"light":{"__id__":6},"userNameTxt":{"__id__":3},"gridInfoTxt":{"__id__":19},"tower":{"__id__":10}}],"_prefab":{"__type__":"cc.PrefabInfo","root":{"__id__":1},"asset":{"__id__":0},"fileId":"cc0xOwJa9Pu7b9gZJZvQMp"},"_position":{"__type__":"cc.Vec3","x":301},"_scale":{"__type__":"cc.Vec3","x":0.16,"y":0.16,"z":1}},{"__type__":"cc.Node","_name":"UserNameTxt","_parent":{"__id__":1},"_level":2,"_components":[{"__id__":3}],"_prefab":{"__type__":"cc.PrefabInfo","root":{"__id__":1},"asset":{"__id__":0},"fileId":"df1jlKAzxCwIrRnBLGx/Bg"},"_contentSize":{"__type__":"cc.Size","width":223.51,"height":60},"_position":{"__type__":"cc.Vec3","y":246.5},"_scale":{"__type__":"cc.Vec3","x":1,"y":1,"z":1}},{"__type__":"cc.Label","node":{"__id__":2},"_useOriginalSize":false,"_string":"liyunhan","_N$string":"liyunhan","_fontSize":60,"_lineHeight":60,"_N$horizontalAlign":1,"_N$verticalAlign":1},{"__type__":"cc.Node","_name":"TankNode","_parent":{"__id__":1},"_children":[{"__id__":5},{"__id__":7},{"__id__":8},{"__id__":9}],"_level":2,"_prefab":{"__type__":"cc.PrefabInfo","root":{"__id__":1},"asset":{"__id__":0},"fileId":"25R8lWzI9G2p5hOosdVBFt"},"_scale":{"__type__":"cc.Vec3","x":1,"y":1,"z":1}},{"__type__":"cc.Node","_name":"Light","_parent":{"__id__":4},"_level":3,"_components":[{"__id__":6}],"_prefab":{"__type__":"cc.PrefabInfo","root":{"__id__":1},"asset":{"__id__":0},"fileId":"2cc7TZp9tB/ZlEZDS3g0lI"},"_color":{"__type__":"cc.Color","g":74,"b":255},"_contentSize":{"__type__":"cc.Size","width":192,"height":192},"_scale":{"__type__":"cc.Vec3","x":3,"y":3,"z":1}},{"__type__":"cc.Sprite","node":{"__id__":5},"_spriteFrame":{"__uuid__":"4fUd64ES9OMKCpy1tTL2bc"}},{"__type__":"cc.Node","_name":"Track","_parent":{"__id__":4},"_level":3,"_components":[{"__type__":"cc.Sprite","node":{"__id__":7},"_spriteFrame":{"__uuid__":"6eds5f1tREEoo9mYwEHdbT"}}],"_prefab":{"__type__":"cc.PrefabInfo","root":{"__id__":1},"asset":{"__id__":0},"fileId":"81PE1yPpVKXosE9dD6i1/A"},"_contentSize":{"__type__":"cc.Size","width":90,"height":218},"_position":{"__type__":"cc.Vec3","x":-64},"_scale":{"__type__":"cc.Vec3","x":1,"y":1,"z":1}},{"__type__":"cc.Node","_name":"Track","_parent":{"__id__":4},"_level":3,"_components":[{"__type__":"cc.Sprite","node":{"__id__":8},"_spriteFrame":{"__uuid__":"6eds5f1tREEoo9mYwEHdbT"}}],"_prefab":{"__type__":"cc.PrefabInfo","root":{"__id__":1},"asset":{"__id__":0},"fileId":"c5yHIeZxlJjJCyERcpFdn8"},"_contentSize":{"__type__":"cc.Size","width":90,"height":218},"_position":{"__type__":"cc.Vec3","x":64},"_scale":{"__type__":"cc.Vec3","x":1,"y":1,"z":1}},{"__type__":"cc.Node","_name":"Hull","_parent":{"__id__":4},"_level":3,"_components":[{"__type__":"cc.Sprite","node":{"__id__":9},"_spriteFrame":{"__uuid__":"25Jh+SGRRJeaEsqt4/F2d9"}}],"_prefab":{"__type__":"cc.PrefabInfo","root":{"__id__":1},"asset":{"__id__":0},"fileId":"7025aep05Flr5kh8SXr6W+"},"_contentSize":{"__type__":"cc.Size","width":120,"height":180},"_scale":{"__type__":"cc.Vec3","x":1,"y":1,"z":1}},{"__type__":"cc.Node","_name":"Tower","_parent":{"__id__":1},"_children":[{"__id__":11},{"__id__":12},{"__id__":13}],"_level":2,"_prefab":{"__type__":"cc.PrefabInfo","root":{"__id__":1},"asset":{"__id__":0},"fileId":"83WEYQ0oBA3o4Be4AnfKWl"},"_scale":{"__type__":"cc.Vec3","x":1,"y":1,"z":1}},{"__type__":"cc.Node","_name":"Gun","_parent":{"__id__":10},"_level":3,"_components":[{"__type__":"cc.Sprite","node":{"__id__":11},"_spriteFrame":{"__uuid__":"8eNBL3rLhAnoA0G2JdCd6c"}}],"_prefab":{"__type__":"cc.PrefabInfo","root":{"__id__":1},"asset":{"__id__":0},"fileId":"96Q/uun1JJtrrhhyVqwbwE"},"_contentSize":{"__type__":"cc.Size","width":64,"height":164},"_position":{"__type__":"cc.Vec3","x":4,"y":109.3},"_scale":{"__type__":"cc.Vec3","x":1,"y":1,"z":1}},{"__type__":"cc.Node","_name":"GunConnector","_parent":{"__id__":10},"_level":3,"_components":[{"__type__":"cc.Sprite","node":{"__id__":12},"_spriteFrame":{"__uuid__":"fbq9MlC1ZJxbUBHYzWzSt8"}}],"_prefab":{"__type__":"cc.PrefabInfo","root":{"__id__":1},"asset":{"__id__":0},"fileId":"6fvT6USGJOp4zCTsakFsEj"},"_contentSize":{"__type__":"cc.Size","width":60,"height":46},"_position":{"__type__":"cc.Vec3","y":20.9},"_scale":{"__type__":"cc.Vec3","x":1,"y":1,"z":1}},{"__type__":"cc.Node","_name":"Tower","_parent":{"__id__":10},"_level":3,"_components":[{"__type__":"cc.Sprite","node":{"__id__":13},"_spriteFrame":{"__uuid__":"59+7edWI9IqLISO1k9vsXj"}}],"_prefab":{"__type__":"cc.PrefabInfo","root":{"__id__":1},"asset":{"__id__":0},"fileId":"acG0EaEwhAVY/OnA0BIat4"},"_contentSize":{"__type__":"cc.Size","width":134,"height":120},"_position":{"__type__":"cc.Vec3","y":-32.6},"_scale":{"__type__":"cc.Vec3","x":1,"y":1,"z":1}},{"__type__":"cc.Node","_name":"progressBar","_parent":{"__id__":1},"_children":[{"__id__":15}],"_level":2,"_components":[{"__type__":"cc.Sprite","node":{"__id__":14},"_spriteFrame":{"__uuid__":"73hWxUKHZBvLWNP7gUUs09"},"_type":1,"_sizeMode":0},{"__id__":17}],"_prefab":{"__type__":"cc.PrefabInfo","root":{"__id__":1},"asset":{"__id__":0},"fileId":"e7OvAI5lBKv52DqH7xS+ML"},"_contentSize":{"__type__":"cc.Size","width":300,"height":30},"_position":{"__type__":"cc.Vec3","y":-166.5},"_scale":{"__type__":"cc.Vec3","x":1,"y":1,"z":1}},{"__type__":"cc.Node","_name":"bar","_parent":{"__id__":14},"_components":[{"__id__":16}],"_prefab":{"__type__":"cc.PrefabInfo","root":{"__id__":1},"asset":{"__id__":0},"fileId":"degy/3a1hHD5fdEV2vwvUg"},"_contentSize":{"__type__":"cc.Size","width":300,"height":30},"_anchorPoint":{"__type__":"cc.Vec2","y":0.5},"_position":{"__type__":"cc.Vec3","x":-150},"_scale":{"__type__":"cc.Vec3","x":1,"y":1,"z":1}},{"__type__":"cc.Sprite","node":{"__id__":15},"_spriteFrame":{"__uuid__":"ebqWDW7ehCYJ4a3tG0XVuX"},"_type":3,"_sizeMode":0,"_fillRange":0.1},{"__type__":"cc.ProgressBar","node":{"__id__":14},"_N$barSprite":{"__id__":16},"_N$mode":2,"_N$progress":0.1},{"__type__":"cc.Node","_name":"gridinfo","_parent":{"__id__":1},"_level":2,"_components":[{"__id__":19}],"_prefab":{"__type__":"cc.PrefabInfo","root":{"__id__":1},"asset":{"__id__":0},"fileId":"1eleTMVDlEEofqqKmUyQgo"},"_contentSize":{"__type__":"cc.Size","width":97.87,"height":40},"_position":{"__type__":"cc.Vec3","y":-219.9},"_scale":{"__type__":"cc.Vec3","x":1,"y":1,"z":1}},{"__type__":"cc.Label","node":{"__id__":18},"_useOriginalSize":false,"_string":"Label","_N$string":"Label","_N$horizontalAlign":1,"_N$verticalAlign":1}],{"__type__":"cc.SpriteFrame","content":{"name":"Tracks-TrackAFrame1","texture":"bcsbU8IrNEtJQaYj+wkfLL","rect":[194,256,90,218],"offset":[-1,1],"originalSize":[256,256],"capInsets":[0,0,0,0]}},{"__type__":"cc.SpriteFrame","content":{"name":"blood-bloodd","texture":"bcsbU8IrNEtJQaYj+wkfLL","rect":[496,688,92,18],"offset":[0,0],"originalSize":[92,18],"rotated":1,"capInsets":[0,0,0,0]}},[{"__type__":"cc.Prefab","_name":"HeavyTankB","data":{"__id__":1}},{"__type__":"cc.Node","_name":"HeavyTankB","_children":[{"__id__":2},{"__id__":4},{"__id__":10},{"__id__":14},{"__id__":18}],"_level":1,"_components":[{"__type__":"73d275oZi1B5J3PVK9kv+Fl","node":{"__id__":1},"rootNode":{"__id__":1},"tankNode":{"__id__":4},"tankHp":{"__id__":17},"light":{"__id__":6},"userNameTxt":{"__id__":3},"gridInfoTxt":{"__id__":19},"tower":{"__id__":10}}],"_prefab":{"__type__":"cc.PrefabInfo","root":{"__id__":1},"asset":{"__id__":0},"fileId":"bbWQJkTfNM07XvDEOFqK7o"},"_position":{"__type__":"cc.Vec3","x":571},"_scale":{"__type__":"cc.Vec3","x":0.16,"y":0.16,"z":1}},{"__type__":"cc.Node","_name":"UserNameTxt","_parent":{"__id__":1},"_level":2,"_components":[{"__id__":3}],"_prefab":{"__type__":"cc.PrefabInfo","root":{"__id__":1},"asset":{"__id__":0},"fileId":"f9GE54MZVNLZC2+wZSb2BM"},"_contentSize":{"__type__":"cc.Size","width":223.51,"height":60},"_position":{"__type__":"cc.Vec3","y":276.7},"_scale":{"__type__":"cc.Vec3","x":1,"y":1,"z":1}},{"__type__":"cc.Label","node":{"__id__":2},"_useOriginalSize":false,"_string":"liyunhan","_N$string":"liyunhan","_fontSize":60,"_lineHeight":60,"_N$horizontalAlign":1,"_N$verticalAlign":1},{"__type__":"cc.Node","_name":"TankNode","_parent":{"__id__":1},"_children":[{"__id__":5},{"__id__":7},{"__id__":8},{"__id__":9}],"_level":2,"_prefab":{"__type__":"cc.PrefabInfo","root":{"__id__":1},"asset":{"__id__":0},"fileId":"03qU5+t71OrYFMCl+qJwui"},"_scale":{"__type__":"cc.Vec3","x":1,"y":1,"z":1}},{"__type__":"cc.Node","_name":"Light","_parent":{"__id__":4},"_level":3,"_components":[{"__id__":6}],"_prefab":{"__type__":"cc.PrefabInfo","root":{"__id__":1},"asset":{"__id__":0},"fileId":"72ZtbjI8pB24uYQc1si8QF"},"_color":{"__type__":"cc.Color","g":74,"b":255},"_contentSize":{"__type__":"cc.Size","width":192,"height":192},"_scale":{"__type__":"cc.Vec3","x":3,"y":3,"z":1}},{"__type__":"cc.Sprite","node":{"__id__":5},"_spriteFrame":{"__uuid__":"4fUd64ES9OMKCpy1tTL2bc"}},{"__type__":"cc.Node","_name":"Track","_parent":{"__id__":4},"_level":3,"_components":[{"__type__":"cc.Sprite","node":{"__id__":7},"_spriteFrame":{"__uuid__":"0914ysku1O7bc7/3VI6/0G"}}],"_prefab":{"__type__":"cc.PrefabInfo","root":{"__id__":1},"asset":{"__id__":0},"fileId":"87FAxHRj5BKJBJKy5LqB1D"},"_contentSize":{"__type__":"cc.Size","width":94,"height":214},"_position":{"__type__":"cc.Vec3","x":-64},"_scale":{"__type__":"cc.Vec3","x":1,"y":1,"z":1}},{"__type__":"cc.Node","_name":"Track","_parent":{"__id__":4},"_level":3,"_components":[{"__type__":"cc.Sprite","node":{"__id__":8},"_spriteFrame":{"__uuid__":"0914ysku1O7bc7/3VI6/0G"}}],"_prefab":{"__type__":"cc.PrefabInfo","root":{"__id__":1},"asset":{"__id__":0},"fileId":"a6SgrYiZ9H3I2QhJLjuF43"},"_contentSize":{"__type__":"cc.Size","width":94,"height":214},"_position":{"__type__":"cc.Vec3","x":64},"_scale":{"__type__":"cc.Vec3","x":1,"y":1,"z":1}},{"__type__":"cc.Node","_name":"Hull","_parent":{"__id__":4},"_level":3,"_components":[{"__type__":"cc.Sprite","node":{"__id__":9},"_spriteFrame":{"__uuid__":"459yUBYjJCUrboxGoqUDtu"}}],"_prefab":{"__type__":"cc.PrefabInfo","root":{"__id__":1},"asset":{"__id__":0},"fileId":"2bPWxYEeREBI/ucfiadtwC"},"_contentSize":{"__type__":"cc.Size","width":194,"height":232},"_scale":{"__type__":"cc.Vec3","x":1,"y":1,"z":1}},{"__type__":"cc.Node","_name":"Tower","_parent":{"__id__":1},"_children":[{"__id__":11},{"__id__":12},{"__id__":13}],"_level":2,"_prefab":{"__type__":"cc.PrefabInfo","root":{"__id__":1},"asset":{"__id__":0},"fileId":"9b8rXkVGlEj4BMy1qgKVDb"},"_scale":{"__type__":"cc.Vec3","x":1,"y":1,"z":1}},{"__type__":"cc.Node","_name":"Gun","_parent":{"__id__":10},"_level":3,"_components":[{"__type__":"cc.Sprite","node":{"__id__":11},"_spriteFrame":{"__uuid__":"ca6iP7qu9IAq9ApDx105lC"}}],"_prefab":{"__type__":"cc.PrefabInfo","root":{"__id__":1},"asset":{"__id__":0},"fileId":"74BCq8xwdEOpDElA7wkDVf"},"_contentSize":{"__type__":"cc.Size","width":114,"height":162},"_position":{"__type__":"cc.Vec3","x":-1,"y":143.1},"_scale":{"__type__":"cc.Vec3","x":1,"y":1,"z":1}},{"__type__":"cc.Node","_name":"GunConnector","_parent":{"__id__":10},"_level":3,"_components":[{"__type__":"cc.Sprite","node":{"__id__":12},"_spriteFrame":{"__uuid__":"e9ii2bXkpB1ZRS/eziMHaW"}}],"_prefab":{"__type__":"cc.PrefabInfo","root":{"__id__":1},"asset":{"__id__":0},"fileId":"3fMoet8OFJtooBaIVJOsQ0"},"_contentSize":{"__type__":"cc.Size","width":108,"height":60},"_position":{"__type__":"cc.Vec3","y":72.9},"_scale":{"__type__":"cc.Vec3","x":1,"y":1,"z":1}},{"__type__":"cc.Node","_name":"Tower","_parent":{"__id__":10},"_level":3,"_components":[{"__type__":"cc.Sprite","node":{"__id__":13},"_spriteFrame":{"__uuid__":"8a62/c6gVIrJh+yJcUVh1s"}}],"_prefab":{"__type__":"cc.PrefabInfo","root":{"__id__":1},"asset":{"__id__":0},"fileId":"815OfamxlOGbYG+pJZAPtY"},"_contentSize":{"__type__":"cc.Size","width":166,"height":164},"_scale":{"__type__":"cc.Vec3","x":1,"y":1,"z":1}},{"__type__":"cc.Node","_name":"progressBar","_parent":{"__id__":1},"_children":[{"__id__":15}],"_level":2,"_components":[{"__type__":"cc.Sprite","node":{"__id__":14},"_spriteFrame":{"__uuid__":"73hWxUKHZBvLWNP7gUUs09"},"_type":1,"_sizeMode":0},{"__id__":17}],"_prefab":{"__type__":"cc.PrefabInfo","root":{"__id__":1},"asset":{"__id__":0},"fileId":"ecCPJztRNJ9ZMxnPG3yxct"},"_contentSize":{"__type__":"cc.Size","width":300,"height":30},"_position":{"__type__":"cc.Vec3","y":-166.5},"_scale":{"__type__":"cc.Vec3","x":1,"y":1,"z":1}},{"__type__":"cc.Node","_name":"bar","_parent":{"__id__":14},"_components":[{"__id__":16}],"_prefab":{"__type__":"cc.PrefabInfo","root":{"__id__":1},"asset":{"__id__":0},"fileId":"eeFJJz7dFFG5cII6sVKs+E"},"_contentSize":{"__type__":"cc.Size","width":300,"height":30},"_anchorPoint":{"__type__":"cc.Vec2","y":0.5},"_position":{"__type__":"cc.Vec3","x":-150},"_scale":{"__type__":"cc.Vec3","x":1,"y":1,"z":1}},{"__type__":"cc.Sprite","node":{"__id__":15},"_spriteFrame":{"__uuid__":"ebqWDW7ehCYJ4a3tG0XVuX"},"_type":3,"_sizeMode":0,"_fillRange":0.1},{"__type__":"cc.ProgressBar","node":{"__id__":14},"_N$barSprite":{"__id__":16},"_N$mode":2,"_N$progress":0.1},{"__type__":"cc.Node","_name":"gridinfo","_parent":{"__id__":1},"_level":2,"_components":[{"__id__":19}],"_prefab":{"__type__":"cc.PrefabInfo","root":{"__id__":1},"asset":{"__id__":0},"fileId":"c97k8SJy1KhIxyoDGzHgw7"},"_contentSize":{"__type__":"cc.Size","width":97.87,"height":40},"_position":{"__type__":"cc.Vec3","y":-219.9},"_scale":{"__type__":"cc.Vec3","x":1,"y":1,"z":1}},{"__type__":"cc.Label","node":{"__id__":18},"_useOriginalSize":false,"_string":"Label","_N$string":"Label","_N$horizontalAlign":1,"_N$verticalAlign":1}],{"__type__":"cc.SpriteFrame","content":{"name":"Hulls-HeavyHullC","texture":"bcsbU8IrNEtJQaYj+wkfLL","rect":[0,256,194,256],"offset":[0,0],"originalSize":[256,256],"capInsets":[0,0,0,0]}},{"__type__":"cc.SpriteFrame","content":{"name":"Hulls-HeavyHullA","texture":"bcsbU8IrNEtJQaYj+wkfLL","rect":[0,0,212,256],"offset":[0,0],"originalSize":[256,256],"capInsets":[0,0,0,0]}},{"__type__":"cc.SpriteFrame","content":{"name":"Guns-HeavyGunC","texture":"bcsbU8IrNEtJQaYj+wkfLL","rect":[684,652,102,160],"offset":[0,0],"originalSize":[256,256],"capInsets":[0,0,0,0]}},{"__type__":"cc.SpriteFrame","content":{"name":"Towers-HeavyTowerB","texture":"bcsbU8IrNEtJQaYj+wkfLL","rect":[854,410,166,164],"offset":[0,0],"originalSize":[256,256],"capInsets":[0,0,0,0]}},{"__type__":"cc.SpriteFrame","content":{"name":"Tracks-TrackDFrame1","texture":"bcsbU8IrNEtJQaYj+wkfLL","rect":[378,254,88,214],"offset":[0,0],"originalSize":[256,256],"capInsets":[0,0,0,0]}},{"__type__":"cc.SpriteFrame","content":{"name":"Guns-MediumGunA","texture":"bcsbU8IrNEtJQaYj+wkfLL","rect":[622,276,64,164],"offset":[0,0],"originalSize":[256,256],"capInsets":[0,0,0,0]}},{"__type__":"cc.SpriteFrame","content":{"name":"Towers-SmallTowerB","texture":"bcsbU8IrNEtJQaYj+wkfLL","rect":[724,548,114,100],"offset":[0,0],"originalSize":[256,256],"capInsets":[0,0,0,0]}},{"__type__":"cc.SpriteFrame","content":{"name":"Guns-SmallGunA","texture":"bcsbU8IrNEtJQaYj+wkfLL","rect":[430,660,28,98],"offset":[-1,1],"originalSize":[256,256],"rotated":1,"capInsets":[0,0,0,0]}},{"__type__":"cc.SpriteFrame","content":{"name":"Hulls-MediumHullC","texture":"bcsbU8IrNEtJQaYj+wkfLL","rect":[690,0,154,178],"offset":[0,0],"originalSize":[256,256],"rotated":1,"capInsets":[0,0,0,0]}},{"__type__":"cc.ParticleAsset","_name":"atom","_native":".plist","spriteFrame":{"__uuid__":"47LfXTNedBhJ5sf0G+5l7j"}},{"__type__":"cc.SpriteFrame","content":{"name":"nail-small_me","texture":"bcsbU8IrNEtJQaYj+wkfLL","rect":[240,778,35,44],"offset":[0,0],"originalSize":[35,46],"rotated":1,"capInsets":[0,0,0,0]}},{"__type__":"cc.SpriteFrame","content":{"name":"Projectiles-Laser","texture":"bcsbU8IrNEtJQaYj+wkfLL","rect":[328,218,36,110],"offset":[0,0],"originalSize":[256,256],"rotated":1,"capInsets":[0,0,0,0]}},{"__type__":"cc.SpriteFrame","content":{"name":"Tracks-TrackBFrame2","texture":"bcsbU8IrNEtJQaYj+wkfLL","rect":[194,474,86,218],"offset":[0,0],"originalSize":[256,256],"capInsets":[0,0,0,0]}},{"__type__":"cc.SpriteFrame","content":{"name":"Guns-SmallGunB","texture":"bcsbU8IrNEtJQaYj+wkfLL","rect":[164,744,32,68],"offset":[0,0],"originalSize":[256,256],"capInsets":[0,0,0,0]}},{"__type__":"cc.SpriteFrame","content":{"name":"Hulls-SmallHullB","texture":"bcsbU8IrNEtJQaYj+wkfLL","rect":[868,0,154,158],"offset":[0,0],"originalSize":[256,256],"capInsets":[0,0,0,0]}},[{"__type__":"cc.Prefab","_name":"MidTankC","data":{"__id__":1}},{"__type__":"cc.Node","_name":"MidTankC","_children":[{"__id__":2},{"__id__":4},{"__id__":10},{"__id__":14},{"__id__":18}],"_level":1,"_components":[{"__type__":"73d275oZi1B5J3PVK9kv+Fl","node":{"__id__":1},"rootNode":{"__id__":1},"tankNode":{"__id__":4},"tankHp":{"__id__":17},"light":{"__id__":6},"userNameTxt":{"__id__":3},"gridInfoTxt":{"__id__":19},"tower":{"__id__":10}}],"_prefab":{"__type__":"cc.PrefabInfo","root":{"__id__":1},"asset":{"__id__":0},"fileId":"c9ZbHgfwRIR6seTko/f6Qe"},"_position":{"__type__":"cc.Vec3","x":433},"_scale":{"__type__":"cc.Vec3","x":0.16,"y":0.16,"z":1}},{"__type__":"cc.Node","_name":"UserNameTxt","_parent":{"__id__":1},"_level":2,"_components":[{"__id__":3}],"_prefab":{"__type__":"cc.PrefabInfo","root":{"__id__":1},"asset":{"__id__":0},"fileId":"a6FM3SNNtO6LN++H2zdEQg"},"_contentSize":{"__type__":"cc.Size","width":223.51,"height":60},"_position":{"__type__":"cc.Vec3","y":246.5},"_scale":{"__type__":"cc.Vec3","x":1,"y":1,"z":1}},{"__type__":"cc.Label","node":{"__id__":2},"_useOriginalSize":false,"_string":"liyunhan","_N$string":"liyunhan","_fontSize":60,"_lineHeight":60,"_N$horizontalAlign":1,"_N$verticalAlign":1},{"__type__":"cc.Node","_name":"TankNode","_parent":{"__id__":1},"_children":[{"__id__":5},{"__id__":7},{"__id__":8},{"__id__":9}],"_level":2,"_prefab":{"__type__":"cc.PrefabInfo","root":{"__id__":1},"asset":{"__id__":0},"fileId":"29qk1qqbROM7wL2V9eqzfl"},"_scale":{"__type__":"cc.Vec3","x":1,"y":1,"z":1}},{"__type__":"cc.Node","_name":"Light","_parent":{"__id__":4},"_level":3,"_components":[{"__id__":6}],"_prefab":{"__type__":"cc.PrefabInfo","root":{"__id__":1},"asset":{"__id__":0},"fileId":"553F+q5IBFrIxTU4sjoNkE"},"_color":{"__type__":"cc.Color","g":74,"b":255},"_contentSize":{"__type__":"cc.Size","width":192,"height":192},"_scale":{"__type__":"cc.Vec3","x":3,"y":3,"z":1}},{"__type__":"cc.Sprite","node":{"__id__":5},"_spriteFrame":{"__uuid__":"4fUd64ES9OMKCpy1tTL2bc"}},{"__type__":"cc.Node","_name":"Track","_parent":{"__id__":4},"_level":3,"_components":[{"__type__":"cc.Sprite","node":{"__id__":7},"_spriteFrame":{"__uuid__":"e1mss4mSlLqqjVPkFY+r27"}}],"_prefab":{"__type__":"cc.PrefabInfo","root":{"__id__":1},"asset":{"__id__":0},"fileId":"0fkwsZtypLwrfer9/FMdx5"},"_contentSize":{"__type__":"cc.Size","width":86,"height":218},"_position":{"__type__":"cc.Vec3","x":-64},"_scale":{"__type__":"cc.Vec3","x":1,"y":1,"z":1}},{"__type__":"cc.Node","_name":"Track","_parent":{"__id__":4},"_level":3,"_components":[{"__type__":"cc.Sprite","node":{"__id__":8},"_spriteFrame":{"__uuid__":"e1mss4mSlLqqjVPkFY+r27"}}],"_prefab":{"__type__":"cc.PrefabInfo","root":{"__id__":1},"asset":{"__id__":0},"fileId":"2e2YKR5UBHT43EeGJTz/TX"},"_contentSize":{"__type__":"cc.Size","width":86,"height":218},"_position":{"__type__":"cc.Vec3","x":64},"_scale":{"__type__":"cc.Vec3","x":1,"y":1,"z":1}},{"__type__":"cc.Node","_name":"Hull","_parent":{"__id__":4},"_level":3,"_components":[{"__type__":"cc.Sprite","node":{"__id__":9},"_spriteFrame":{"__uuid__":"a2FxQYPcVBE72bjziB7DUx"}}],"_prefab":{"__type__":"cc.PrefabInfo","root":{"__id__":1},"asset":{"__id__":0},"fileId":"54qmU5bPxO86bmAhqITTRn"},"_contentSize":{"__type__":"cc.Size","width":154,"height":178},"_scale":{"__type__":"cc.Vec3","x":1,"y":1,"z":1}},{"__type__":"cc.Node","_name":"Tower","_parent":{"__id__":1},"_children":[{"__id__":11},{"__id__":12},{"__id__":13}],"_level":2,"_prefab":{"__type__":"cc.PrefabInfo","root":{"__id__":1},"asset":{"__id__":0},"fileId":"a5mGBujTpEHIH550ninbTy"},"_scale":{"__type__":"cc.Vec3","x":1,"y":1,"z":1}},{"__type__":"cc.Node","_name":"Gun","_parent":{"__id__":10},"_level":3,"_components":[{"__type__":"cc.Sprite","node":{"__id__":11},"_spriteFrame":{"__uuid__":"67WJQpYQNEl4yRvN60wobT"}}],"_prefab":{"__type__":"cc.PrefabInfo","root":{"__id__":1},"asset":{"__id__":0},"fileId":"00+JJ1Q3ZAPr4IcHjy5mkH"},"_contentSize":{"__type__":"cc.Size","width":56,"height":164},"_position":{"__type__":"cc.Vec3","x":-1,"y":118.7},"_scale":{"__type__":"cc.Vec3","x":1,"y":1,"z":1}},{"__type__":"cc.Node","_name":"GunConnector","_parent":{"__id__":10},"_level":3,"_components":[{"__type__":"cc.Sprite","node":{"__id__":12},"_spriteFrame":{"__uuid__":"fbq9MlC1ZJxbUBHYzWzSt8"}}],"_prefab":{"__type__":"cc.PrefabInfo","root":{"__id__":1},"asset":{"__id__":0},"fileId":"b5yd6ApyJBO7E0cNbKtzYc"},"_contentSize":{"__type__":"cc.Size","width":60,"height":46},"_position":{"__type__":"cc.Vec3","y":33.9},"_scale":{"__type__":"cc.Vec3","x":1,"y":1,"z":1}},{"__type__":"cc.Node","_name":"Tower","_parent":{"__id__":10},"_level":3,"_components":[{"__type__":"cc.Sprite","node":{"__id__":13},"_spriteFrame":{"__uuid__":"fcCnZl/5RABrQfJM0leA6D"}}],"_prefab":{"__type__":"cc.PrefabInfo","root":{"__id__":1},"asset":{"__id__":0},"fileId":"d8qGZn8WNKHp4p2MKUBpt8"},"_contentSize":{"__type__":"cc.Size","width":116,"height":150},"_position":{"__type__":"cc.Vec3","y":-37.9},"_scale":{"__type__":"cc.Vec3","x":1,"y":1,"z":1}},{"__type__":"cc.Node","_name":"progressBar","_parent":{"__id__":1},"_children":[{"__id__":15}],"_level":2,"_components":[{"__type__":"cc.Sprite","node":{"__id__":14},"_spriteFrame":{"__uuid__":"73hWxUKHZBvLWNP7gUUs09"},"_type":1,"_sizeMode":0},{"__id__":17}],"_prefab":{"__type__":"cc.PrefabInfo","root":{"__id__":1},"asset":{"__id__":0},"fileId":"dbW4ooH8lBP5NWhkHRi2vK"},"_contentSize":{"__type__":"cc.Size","width":300,"height":30},"_position":{"__type__":"cc.Vec3","y":-166.5},"_scale":{"__type__":"cc.Vec3","x":1,"y":1,"z":1}},{"__type__":"cc.Node","_name":"bar","_parent":{"__id__":14},"_components":[{"__id__":16}],"_prefab":{"__type__":"cc.PrefabInfo","root":{"__id__":1},"asset":{"__id__":0},"fileId":"f9St9DgUtATIuAc06r5i/m"},"_contentSize":{"__type__":"cc.Size","width":300,"height":30},"_anchorPoint":{"__type__":"cc.Vec2","y":0.5},"_position":{"__type__":"cc.Vec3","x":-150},"_scale":{"__type__":"cc.Vec3","x":1,"y":1,"z":1}},{"__type__":"cc.Sprite","node":{"__id__":15},"_spriteFrame":{"__uuid__":"ebqWDW7ehCYJ4a3tG0XVuX"},"_type":3,"_sizeMode":0,"_fillRange":0.1},{"__type__":"cc.ProgressBar","node":{"__id__":14},"_N$barSprite":{"__id__":16},"_N$mode":2,"_N$progress":0.1},{"__type__":"cc.Node","_name":"gridinfo","_parent":{"__id__":1},"_level":2,"_components":[{"__id__":19}],"_prefab":{"__type__":"cc.PrefabInfo","root":{"__id__":1},"asset":{"__id__":0},"fileId":"7cnuXfx0ZG475ghm1rY43Z"},"_contentSize":{"__type__":"cc.Size","width":97.87,"height":40},"_position":{"__type__":"cc.Vec3","y":-219.9},"_scale":{"__type__":"cc.Vec3","x":1,"y":1,"z":1}},{"__type__":"cc.Label","node":{"__id__":18},"_useOriginalSize":false,"_string":"Label","_N$string":"Label","_N$horizontalAlign":1,"_N$verticalAlign":1}],{"__type__":"cc.SpriteFrame","content":{"name":"Projectiles-Rocket","texture":"bcsbU8IrNEtJQaYj+wkfLL","rect":[632,180,58,96],"offset":[0,0],"originalSize":[256,256],"capInsets":[0,0,0,0]}},{"__type__":"cc.SpriteFrame","content":{"name":"Guns-HeavyGunB","texture":"bcsbU8IrNEtJQaYj+wkfLL","rect":[786,648,114,162],"offset":[0,0],"originalSize":[256,256],"capInsets":[0,0,0,0]}},{"__type__":"cc.SpriteAtlas","_name":"tank.plist","_spriteFrames":{"GunConnectors-GunConnectorA":{"__uuid__":"52w2L1CQ5JOJBQGOt84rT5"},"GunConnectors-GunConnectorB":{"__uuid__":"fbq9MlC1ZJxbUBHYzWzSt8"},"GunConnectors-GunConnectorC":{"__uuid__":"5a9fbxIYJANKqx0M+I0E+w"},"GunConnectors-GunConnectorD":{"__uuid__":"e9ii2bXkpB1ZRS/eziMHaW"},"GunConnectors-GunConnectorE":{"__uuid__":"07nUPOFtxDfKopEmiV7JLq"},"Guns-HeavyGunA":{"__uuid__":"3eAOCVAHNAN4VM9qp0rUkn"},"Guns-HeavyGunB":{"__uuid__":"ca6iP7qu9IAq9ApDx105lC"},"Guns-HeavyGunC":{"__uuid__":"89Gy0TzmpEU7YzQEMx8K6D"},"Guns-MediumGunA":{"__uuid__":"8eNBL3rLhAnoA0G2JdCd6c"},"Guns-MediumGunB":{"__uuid__":"22XlZNFb1JwKPu8+9lV2zw"},"Guns-MediumGunC":{"__uuid__":"67WJQpYQNEl4yRvN60wobT"},"Guns-SmallGunA":{"__uuid__":"8fMsSBAyFKIbtFRodZLD+F"},"Guns-SmallGunB":{"__uuid__":"c3vZxXmOlFO4gu0HkcgmMb"},"Guns-SmallGunC":{"__uuid__":"24rhqxXrFJtIPhBCgldeVT"},"Hulls-HeavyHullA":{"__uuid__":"849G59lRVOYaJBxF+WTrhs"},"Hulls-HeavyHullB":{"__uuid__":"459yUBYjJCUrboxGoqUDtu"},"Hulls-HeavyHullC":{"__uuid__":"84cR3W6mhIIZJyQloCY9ly"},"Hulls-MediumHullA":{"__uuid__":"25Jh+SGRRJeaEsqt4/F2d9"},"Hulls-MediumHullB":{"__uuid__":"4aXhAF17xKMYmOeCcpn0kV"},"Hulls-MediumHullC":{"__uuid__":"a2FxQYPcVBE72bjziB7DUx"},"Hulls-SmallHullA":{"__uuid__":"06d8z72txAq7hma5eZH0Uz"},"Hulls-SmallHullB":{"__uuid__":"caD6nPamFNTrSE0qeO0mhC"},"Hulls-SmallHullC":{"__uuid__":"f9yB++lOVPD6NlRYUVlpyh"},"Light":{"__uuid__":"4fUd64ES9OMKCpy1tTL2bc"},"Projectiles-HeavyShell":{"__uuid__":"61c3aDn/RKnr8bPZTiQesp"},"Projectiles-Laser":{"__uuid__":"b831NiabtPlaZoKN36VRGK"},"Projectiles-LightShell":{"__uuid__":"061hk87BBPMY5GNE5peBy2"},"Projectiles-MediumShell":{"__uuid__":"5773u0bopEc4Nc85Z/FbzI"},"Projectiles-Plazm":{"__uuid__":"4ap3J8HG9P7LKNwKGXdytM"},"Projectiles-Rocket":{"__uuid__":"cappjZEHBB3ogRDDE+PdJc"},"Towers-HeavyTowerA":{"__uuid__":"d7waH7+WVFHIzbfCpm8Rz1"},"Towers-HeavyTowerB":{"__uuid__":"8a62/c6gVIrJh+yJcUVh1s"},"Towers-HeavyTowerC":{"__uuid__":"680dMUx7pFIIMZCfEhScmM"},"Towers-MediumTowerA":{"__uuid__":"59+7edWI9IqLISO1k9vsXj"},"Towers-MediumTowerB":{"__uuid__":"f0lnIOD2NGqq275BZnZvY8"},"Towers-MediumTowerC":{"__uuid__":"fcCnZl/5RABrQfJM0leA6D"},"Towers-SmallTowerA":{"__uuid__":"e2NlGNqyBAy5pwKtu7lqXn"},"Towers-SmallTowerB":{"__uuid__":"8elO8cPIZKzY0yo7d1ZRuo"},"Towers-SmallTowerC":{"__uuid__":"55YKT1dfZJNI02cuRWb0pi"},"Tracks-TrackAFrame1":{"__uuid__":"6eds5f1tREEoo9mYwEHdbT"},"Tracks-TrackAFrame2":{"__uuid__":"feDs2BjIhPUZaAHH/cYbzQ"},"Tracks-TrackBFrame1":{"__uuid__":"e1mss4mSlLqqjVPkFY+r27"},"Tracks-TrackBFrame2":{"__uuid__":"bbyV5+L6RJQJgJDfXz2KWe"},"Tracks-TrackDFrame1":{"__uuid__":"8dQqFCeTRFv6JXzo4qieTD"},"Tracks-TrackDFrame2":{"__uuid__":"5brUTYj9tBGpKswZTqhmBa"},"Tracks-TrackСFrame1":{"__uuid__":"0914ysku1O7bc7/3VI6/0G"},"Tracks-TrackСFrame2":{"__uuid__":"228tRzjxNFXKHxk2A7R855"},"blood-bloodd":{"__uuid__":"73hWxUKHZBvLWNP7gUUs09"},"blood-myblood":{"__uuid__":"ebqWDW7ehCYJ4a3tG0XVuX"},"nail-small_enemy":{"__uuid__":"40+3bCokJOEoQioBRW4FRm"},"nail-small_me":{"__uuid__":"b5V3yVMANHSb1+8B+3UaRa"}}},{"__type__":"cc.SpriteFrame","content":{"name":"Towers-HeavyTowerA","texture":"bcsbU8IrNEtJQaYj+wkfLL","rect":[690,154,178,146],"offset":[0,0],"originalSize":[256,256],"capInsets":[0,0,0,0]}},[{"__type__":"cc.Prefab","_name":"SmallTankB","data":{"__id__":1}},{"__type__":"cc.Node","_name":"SmallTankB","_children":[{"__id__":2},{"__id__":4},{"__id__":10},{"__id__":14},{"__id__":18}],"_level":1,"_components":[{"__type__":"73d275oZi1B5J3PVK9kv+Fl","node":{"__id__":1},"rootNode":{"__id__":1},"tankNode":{"__id__":4},"tankHp":{"__id__":17},"light":{"__id__":6},"userNameTxt":{"__id__":3},"gridInfoTxt":{"__id__":19},"tower":{"__id__":10}}],"_prefab":{"__type__":"cc.PrefabInfo","root":{"__id__":1},"asset":{"__id__":0},"fileId":"a1Xy3AYQpKV6Xuoi4P2m+h"},"_position":{"__type__":"cc.Vec3","x":155},"_scale":{"__type__":"cc.Vec3","x":0.16,"y":0.16,"z":1}},{"__type__":"cc.Node","_name":"UserNameTxt","_parent":{"__id__":1},"_level":2,"_components":[{"__id__":3}],"_prefab":{"__type__":"cc.PrefabInfo","root":{"__id__":1},"asset":{"__id__":0},"fileId":"aeEB6pwJtIQqBN1r4HDERt"},"_contentSize":{"__type__":"cc.Size","width":223.51,"height":60},"_position":{"__type__":"cc.Vec3","y":220},"_scale":{"__type__":"cc.Vec3","x":1,"y":1,"z":1}},{"__type__":"cc.Label","node":{"__id__":2},"_useOriginalSize":false,"_string":"liyunhan","_N$string":"liyunhan","_fontSize":60,"_lineHeight":60,"_N$horizontalAlign":1,"_N$verticalAlign":1},{"__type__":"cc.Node","_name":"TankNode","_parent":{"__id__":1},"_children":[{"__id__":5},{"__id__":7},{"__id__":8},{"__id__":9}],"_level":2,"_prefab":{"__type__":"cc.PrefabInfo","root":{"__id__":1},"asset":{"__id__":0},"fileId":"1ba7lQmOdO7bGkPyRgwbYD"},"_scale":{"__type__":"cc.Vec3","x":1,"y":1,"z":1}},{"__type__":"cc.Node","_name":"Light","_parent":{"__id__":4},"_level":3,"_components":[{"__id__":6}],"_prefab":{"__type__":"cc.PrefabInfo","root":{"__id__":1},"asset":{"__id__":0},"fileId":"ccZMKR121LZJQi0Kv7J8Xn"},"_color":{"__type__":"cc.Color","g":74,"b":255},"_contentSize":{"__type__":"cc.Size","width":192,"height":192},"_scale":{"__type__":"cc.Vec3","x":3,"y":3,"z":1}},{"__type__":"cc.Sprite","node":{"__id__":5},"_spriteFrame":{"__uuid__":"4fUd64ES9OMKCpy1tTL2bc"}},{"__type__":"cc.Node","_name":"Track","_parent":{"__id__":4},"_level":3,"_components":[{"__type__":"cc.Sprite","node":{"__id__":7},"_spriteFrame":{"__uuid__":"6eds5f1tREEoo9mYwEHdbT"}}],"_prefab":{"__type__":"cc.PrefabInfo","root":{"__id__":1},"asset":{"__id__":0},"fileId":"00mDlCIghOfKKBBpdLqNCt"},"_contentSize":{"__type__":"cc.Size","width":90,"height":218},"_position":{"__type__":"cc.Vec3","x":-64},"_scale":{"__type__":"cc.Vec3","x":1,"y":1,"z":1}},{"__type__":"cc.Node","_name":"Track","_parent":{"__id__":4},"_level":3,"_components":[{"__type__":"cc.Sprite","node":{"__id__":8},"_spriteFrame":{"__uuid__":"6eds5f1tREEoo9mYwEHdbT"}}],"_prefab":{"__type__":"cc.PrefabInfo","root":{"__id__":1},"asset":{"__id__":0},"fileId":"49NR1SjEBMCa8kUxmLtKz0"},"_contentSize":{"__type__":"cc.Size","width":90,"height":218},"_position":{"__type__":"cc.Vec3","x":64},"_scale":{"__type__":"cc.Vec3","x":1,"y":1,"z":1}},{"__type__":"cc.Node","_name":"Hull","_parent":{"__id__":4},"_level":3,"_components":[{"__type__":"cc.Sprite","node":{"__id__":9},"_spriteFrame":{"__uuid__":"caD6nPamFNTrSE0qeO0mhC"}}],"_prefab":{"__type__":"cc.PrefabInfo","root":{"__id__":1},"asset":{"__id__":0},"fileId":"17cegc54dDWp27Qkrm0OdQ"},"_contentSize":{"__type__":"cc.Size","width":154,"height":158},"_scale":{"__type__":"cc.Vec3","x":1,"y":1,"z":1}},{"__type__":"cc.Node","_name":"Tower","_parent":{"__id__":1},"_children":[{"__id__":11},{"__id__":12},{"__id__":13}],"_level":2,"_prefab":{"__type__":"cc.PrefabInfo","root":{"__id__":1},"asset":{"__id__":0},"fileId":"845vzbFFRGRK2KR4cKdN5j"},"_scale":{"__type__":"cc.Vec3","x":1,"y":1,"z":1}},{"__type__":"cc.Node","_name":"Gun","_parent":{"__id__":10},"_level":3,"_components":[{"__type__":"cc.Sprite","node":{"__id__":11},"_spriteFrame":{"__uuid__":"c3vZxXmOlFO4gu0HkcgmMb"}}],"_prefab":{"__type__":"cc.PrefabInfo","root":{"__id__":1},"asset":{"__id__":0},"fileId":"76DXU9RmdC+5SAFQJOcPVa"},"_contentSize":{"__type__":"cc.Size","width":32,"height":68},"_position":{"__type__":"cc.Vec3","x":-0.5,"y":118.1},"_scale":{"__type__":"cc.Vec3","x":1,"y":1,"z":1}},{"__type__":"cc.Node","_name":"GunConnector","_parent":{"__id__":10},"_level":3,"_components":[{"__type__":"cc.Sprite","node":{"__id__":12},"_spriteFrame":{"__uuid__":"52w2L1CQ5JOJBQGOt84rT5"}}],"_prefab":{"__type__":"cc.PrefabInfo","root":{"__id__":1},"asset":{"__id__":0},"fileId":"625ZjNgSZLkZ/bUnB7S3Iy"},"_contentSize":{"__type__":"cc.Size","width":52,"height":54},"_position":{"__type__":"cc.Vec3","y":66},"_scale":{"__type__":"cc.Vec3","x":1,"y":1,"z":1}},{"__type__":"cc.Node","_name":"Tower","_parent":{"__id__":10},"_level":3,"_components":[{"__type__":"cc.Sprite","node":{"__id__":13},"_spriteFrame":{"__uuid__":"8elO8cPIZKzY0yo7d1ZRuo"}}],"_prefab":{"__type__":"cc.PrefabInfo","root":{"__id__":1},"asset":{"__id__":0},"fileId":"e2VJMIZ1JFhYpCAjlfYK6f"},"_contentSize":{"__type__":"cc.Size","width":114,"height":100},"_scale":{"__type__":"cc.Vec3","x":1,"y":1,"z":1}},{"__type__":"cc.Node","_name":"progressBar","_parent":{"__id__":1},"_children":[{"__id__":15}],"_level":2,"_components":[{"__type__":"cc.Sprite","node":{"__id__":14},"_spriteFrame":{"__uuid__":"73hWxUKHZBvLWNP7gUUs09"},"_type":1,"_sizeMode":0},{"__id__":17}],"_prefab":{"__type__":"cc.PrefabInfo","root":{"__id__":1},"asset":{"__id__":0},"fileId":"33UOvaKTZAw4pBr+VsofBA"},"_contentSize":{"__type__":"cc.Size","width":300,"height":30},"_position":{"__type__":"cc.Vec3","y":-166.5},"_scale":{"__type__":"cc.Vec3","x":1,"y":1,"z":1}},{"__type__":"cc.Node","_name":"bar","_parent":{"__id__":14},"_components":[{"__id__":16}],"_prefab":{"__type__":"cc.PrefabInfo","root":{"__id__":1},"asset":{"__id__":0},"fileId":"f6xhXZDUlMi44g+rBVIN9+"},"_contentSize":{"__type__":"cc.Size","width":300,"height":30},"_anchorPoint":{"__type__":"cc.Vec2","y":0.5},"_position":{"__type__":"cc.Vec3","x":-150},"_scale":{"__type__":"cc.Vec3","x":1,"y":1,"z":1}},{"__type__":"cc.Sprite","node":{"__id__":15},"_spriteFrame":{"__uuid__":"ebqWDW7ehCYJ4a3tG0XVuX"},"_type":3,"_sizeMode":0,"_fillRange":0.1},{"__type__":"cc.ProgressBar","node":{"__id__":14},"_N$barSprite":{"__id__":16},"_N$mode":2,"_N$progress":0.1},{"__type__":"cc.Node","_name":"gridinfo","_parent":{"__id__":1},"_level":2,"_components":[{"__id__":19}],"_prefab":{"__type__":"cc.PrefabInfo","root":{"__id__":1},"asset":{"__id__":0},"fileId":"bePreI96tBh5hHspBS3qZw"},"_contentSize":{"__type__":"cc.Size","width":97.87,"height":40},"_position":{"__type__":"cc.Vec3","y":-219.9},"_scale":{"__type__":"cc.Vec3","x":1,"y":1,"z":1}},{"__type__":"cc.Label","node":{"__id__":18},"_useOriginalSize":false,"_string":"Label","_N$string":"Label","_N$horizontalAlign":1,"_N$verticalAlign":1}],{"__type__":"cc.SpriteFrame","content":{"name":"Tracks-TrackBFrame1","texture":"bcsbU8IrNEtJQaYj+wkfLL","rect":[302,0,86,218],"offset":[0,0],"originalSize":[256,256],"capInsets":[0,0,0,0]}},{"__type__":"cc.SpriteFrame","content":{"name":"Towers-SmallTowerA","texture":"bcsbU8IrNEtJQaYj+wkfLL","rect":[900,708,98,98],"offset":[0,0],"originalSize":[256,256],"capInsets":[0,0,0,0]}},[{"__type__":"cc.Prefab","_name":"HeavyTankA","data":{"__id__":1}},{"__type__":"cc.Node","_name":"HeavyTankA","_children":[{"__id__":2},{"__id__":4},{"__id__":10},{"__id__":14},{"__id__":18}],"_level":1,"_components":[{"__type__":"73d275oZi1B5J3PVK9kv+Fl","node":{"__id__":1},"rootNode":{"__id__":1},"tankNode":{"__id__":4},"tankHp":{"__id__":17},"light":{"__id__":6},"userNameTxt":{"__id__":3},"gridInfoTxt":{"__id__":19},"tower":{"__id__":10}}],"_prefab":{"__type__":"cc.PrefabInfo","root":{"__id__":1},"asset":{"__id__":0},"fileId":"7eIxTyfjBDD4uUZx4VjLyI"},"_position":{"__type__":"cc.Vec3","x":505},"_scale":{"__type__":"cc.Vec3","x":0.16,"y":0.16,"z":1}},{"__type__":"cc.Node","_name":"UserNameTxt","_parent":{"__id__":1},"_level":2,"_components":[{"__id__":3}],"_prefab":{"__type__":"cc.PrefabInfo","root":{"__id__":1},"asset":{"__id__":0},"fileId":"26RhZCgOxECZdEEaJmq+Rb"},"_contentSize":{"__type__":"cc.Size","width":223.51,"height":60},"_position":{"__type__":"cc.Vec3","y":299.4},"_scale":{"__type__":"cc.Vec3","x":1,"y":1,"z":1}},{"__type__":"cc.Label","node":{"__id__":2},"_useOriginalSize":false,"_string":"liyunhan","_N$string":"liyunhan","_fontSize":60,"_lineHeight":60,"_N$horizontalAlign":1,"_N$verticalAlign":1},{"__type__":"cc.Node","_name":"TankNode","_parent":{"__id__":1},"_children":[{"__id__":5},{"__id__":7},{"__id__":8},{"__id__":9}],"_level":2,"_prefab":{"__type__":"cc.PrefabInfo","root":{"__id__":1},"asset":{"__id__":0},"fileId":"75gsBZCEBGk6dZGWUku3PS"},"_scale":{"__type__":"cc.Vec3","x":1,"y":1,"z":1}},{"__type__":"cc.Node","_name":"Light","_parent":{"__id__":4},"_level":3,"_components":[{"__id__":6}],"_prefab":{"__type__":"cc.PrefabInfo","root":{"__id__":1},"asset":{"__id__":0},"fileId":"f2Cm4xQgBOTbVjphVRd4W0"},"_color":{"__type__":"cc.Color","g":74,"b":255},"_contentSize":{"__type__":"cc.Size","width":192,"height":192},"_scale":{"__type__":"cc.Vec3","x":3,"y":3,"z":1}},{"__type__":"cc.Sprite","node":{"__id__":5},"_spriteFrame":{"__uuid__":"4fUd64ES9OMKCpy1tTL2bc"}},{"__type__":"cc.Node","_name":"Track","_parent":{"__id__":4},"_level":3,"_components":[{"__type__":"cc.Sprite","node":{"__id__":7},"_spriteFrame":{"__uuid__":"8dQqFCeTRFv6JXzo4qieTD"}}],"_prefab":{"__type__":"cc.PrefabInfo","root":{"__id__":1},"asset":{"__id__":0},"fileId":"b4AqwKz8FLapfJU4Oxzgi6"},"_contentSize":{"__type__":"cc.Size","width":88,"height":214},"_position":{"__type__":"cc.Vec3","x":-64},"_scale":{"__type__":"cc.Vec3","x":1,"y":1,"z":1}},{"__type__":"cc.Node","_name":"Track","_parent":{"__id__":4},"_level":3,"_components":[{"__type__":"cc.Sprite","node":{"__id__":8},"_spriteFrame":{"__uuid__":"8dQqFCeTRFv6JXzo4qieTD"}}],"_prefab":{"__type__":"cc.PrefabInfo","root":{"__id__":1},"asset":{"__id__":0},"fileId":"8fEHApwGJPXam3xcy3pq9O"},"_contentSize":{"__type__":"cc.Size","width":88,"height":214},"_position":{"__type__":"cc.Vec3","x":64},"_scale":{"__type__":"cc.Vec3","x":1,"y":1,"z":1}},{"__type__":"cc.Node","_name":"Hull","_parent":{"__id__":4},"_level":3,"_components":[{"__type__":"cc.Sprite","node":{"__id__":9},"_spriteFrame":{"__uuid__":"849G59lRVOYaJBxF+WTrhs"}}],"_prefab":{"__type__":"cc.PrefabInfo","root":{"__id__":1},"asset":{"__id__":0},"fileId":"34aE7gYCRHkZ731ESeTp3T"},"_contentSize":{"__type__":"cc.Size","width":212,"height":256},"_scale":{"__type__":"cc.Vec3","x":1,"y":1,"z":1}},{"__type__":"cc.Node","_name":"Tower","_parent":{"__id__":1},"_children":[{"__id__":11},{"__id__":12},{"__id__":13}],"_level":2,"_prefab":{"__type__":"cc.PrefabInfo","root":{"__id__":1},"asset":{"__id__":0},"fileId":"0f+1r25JBMEKb3JV4G4Kbb"},"_scale":{"__type__":"cc.Vec3","x":1,"y":1,"z":1}},{"__type__":"cc.Node","_name":"Gun","_parent":{"__id__":10},"_level":3,"_components":[{"__type__":"cc.Sprite","node":{"__id__":11},"_spriteFrame":{"__uuid__":"3eAOCVAHNAN4VM9qp0rUkn"}}],"_prefab":{"__type__":"cc.PrefabInfo","root":{"__id__":1},"asset":{"__id__":0},"fileId":"e87hpakmFDRJS5c854BkSZ"},"_contentSize":{"__type__":"cc.Size","width":120,"height":200},"_position":{"__type__":"cc.Vec3","x":-1,"y":146.5},"_scale":{"__type__":"cc.Vec3","x":1,"y":1,"z":1}},{"__type__":"cc.Node","_name":"GunConnector","_parent":{"__id__":10},"_level":3,"_components":[{"__type__":"cc.Sprite","node":{"__id__":12},"_spriteFrame":{"__uuid__":"5a9fbxIYJANKqx0M+I0E+w"}}],"_prefab":{"__type__":"cc.PrefabInfo","root":{"__id__":1},"asset":{"__id__":0},"fileId":"efIjOqTPxGG5TmlPbkqj36"},"_contentSize":{"__type__":"cc.Size","width":116,"height":38},"_position":{"__type__":"cc.Vec3","y":83.8},"_scale":{"__type__":"cc.Vec3","x":1,"y":1,"z":1}},{"__type__":"cc.Node","_name":"Tower","_parent":{"__id__":10},"_level":3,"_components":[{"__type__":"cc.Sprite","node":{"__id__":13},"_spriteFrame":{"__uuid__":"d7waH7+WVFHIzbfCpm8Rz1"}}],"_prefab":{"__type__":"cc.PrefabInfo","root":{"__id__":1},"asset":{"__id__":0},"fileId":"c54iBmK0dL9pc5OAWDqkI6"},"_contentSize":{"__type__":"cc.Size","width":178,"height":146},"_scale":{"__type__":"cc.Vec3","x":1,"y":1,"z":1}},{"__type__":"cc.Node","_name":"progressBar","_parent":{"__id__":1},"_children":[{"__id__":15}],"_level":2,"_components":[{"__type__":"cc.Sprite","node":{"__id__":14},"_spriteFrame":{"__uuid__":"73hWxUKHZBvLWNP7gUUs09"},"_type":1,"_sizeMode":0},{"__id__":17}],"_prefab":{"__type__":"cc.PrefabInfo","root":{"__id__":1},"asset":{"__id__":0},"fileId":"55CJz1jOhHXIsxGTFgE10o"},"_contentSize":{"__type__":"cc.Size","width":300,"height":30},"_position":{"__type__":"cc.Vec3","y":-166.5},"_scale":{"__type__":"cc.Vec3","x":1,"y":1,"z":1}},{"__type__":"cc.Node","_name":"bar","_parent":{"__id__":14},"_components":[{"__id__":16}],"_prefab":{"__type__":"cc.PrefabInfo","root":{"__id__":1},"asset":{"__id__":0},"fileId":"31Ghjyi/tPYaV0Cejhzt/s"},"_contentSize":{"__type__":"cc.Size","width":300,"height":30},"_anchorPoint":{"__type__":"cc.Vec2","y":0.5},"_position":{"__type__":"cc.Vec3","x":-150},"_scale":{"__type__":"cc.Vec3","x":1,"y":1,"z":1}},{"__type__":"cc.Sprite","node":{"__id__":15},"_spriteFrame":{"__uuid__":"ebqWDW7ehCYJ4a3tG0XVuX"},"_type":3,"_sizeMode":0,"_fillRange":0.1},{"__type__":"cc.ProgressBar","node":{"__id__":14},"_N$barSprite":{"__id__":16},"_N$mode":2,"_N$progress":0.1},{"__type__":"cc.Node","_name":"gridinfo","_parent":{"__id__":1},"_level":2,"_components":[{"__id__":19}],"_prefab":{"__type__":"cc.PrefabInfo","root":{"__id__":1},"asset":{"__id__":0},"fileId":"ee5xrtPHtK1rrsOBkNqThz"},"_contentSize":{"__type__":"cc.Size","width":97.87,"height":40},"_position":{"__type__":"cc.Vec3","y":-219.9},"_scale":{"__type__":"cc.Vec3","x":1,"y":1,"z":1}},{"__type__":"cc.Label","node":{"__id__":18},"_useOriginalSize":false,"_string":"Label","_N$string":"Label","_N$horizontalAlign":1,"_N$verticalAlign":1}],{"__type__":"cc.SpriteFrame","content":{"name":"GunConnectors-GunConnectorD","texture":"bcsbU8IrNEtJQaYj+wkfLL","rect":[622,440,108,60],"offset":[0,0],"originalSize":[256,256],"rotated":1,"capInsets":[0,0,0,0]}},{"__type__":"cc.SpriteFrame","content":{"name":"blood-myblood","texture":"bcsbU8IrNEtJQaYj+wkfLL","rect":[466,438,92,18],"offset":[0,0],"originalSize":[92,18],"capInsets":[0,0,0,0]}},{"__type__":"cc.SpriteFrame","content":{"name":"Towers-MediumTowerB","texture":"bcsbU8IrNEtJQaYj+wkfLL","rect":[686,300,168,146],"offset":[0,0],"originalSize":[256,256],"capInsets":[0,0,0,0]}},{"__type__":"cc.SpriteFrame","content":{"name":"Hulls-SmallHullC","texture":"bcsbU8IrNEtJQaYj+wkfLL","rect":[528,660,150,156],"offset":[0,0],"originalSize":[256,256],"rotated":1,"capInsets":[0,0,0,0]}},{"__type__":"cc.SpriteFrame","content":{"name":"GunConnectors-GunConnectorB","texture":"bcsbU8IrNEtJQaYj+wkfLL","rect":[682,502,60,46],"offset":[0,0],"originalSize":[256,256],"capInsets":[0,0,0,0]}},{"__type__":"cc.SpriteFrame","content":{"name":"Towers-MediumTowerC","texture":"bcsbU8IrNEtJQaYj+wkfLL","rect":[868,158,116,150],"offset":[0,0],"originalSize":[256,256],"rotated":1,"capInsets":[0,0,0,0]}},{"__type__":"cc.SpriteFrame","content":{"name":"Tracks-TrackAFrame2","texture":"bcsbU8IrNEtJQaYj+wkfLL","rect":[212,0,90,218],"offset":[-1,1],"originalSize":[256,256],"capInsets":[0,0,0,0]}}]