[{"__type__":"cc.SpriteFrame","content":{"name":"element_page-eosblue","texture":"9cJEnmjzRPILokPRwyhO8i","rect":[1770,1945,100,100],"offset":[0,0],"originalSize":[100,100],"capInsets":[0,0,0,0]}},{"__type__":"cc.SpriteFrame","content":{"name":"btn-btn_earth_n","texture":"9cJEnmjzRPILokPRwyhO8i","rect":[1061,689,153,142],"offset":[0,0],"originalSize":[153,142],"capInsets":[0,0,0,0]}},{"__type__":"cc.SpriteFrame","content":{"name":"common-user_empty_n","texture":"9cJEnmjzRPILokPRwyhO8i","rect":[1939,1411,83,83],"offset":[0,0],"originalSize":[83,83],"capInsets":[0,0,0,0]}},{"__type__":"cc.SpriteFrame","content":{"name":"popup-popup_btn_close_f","texture":"9cJEnmjzRPILokPRwyhO8i","rect":[908,831,107,108],"offset":[0,0],"originalSize":[107,108],"capInsets":[0,0,0,0]}},{"__type__":"cc.SpriteFrame","content":{"name":"battle-rocker_a","texture":"9cJEnmjzRPILokPRwyhO8i","rect":[1770,1845,100,100],"offset":[0,0],"originalSize":[100,100],"capInsets":[0,0,0,0]}},{"__type__":"cc.SpriteFrame","content":{"name":"element_page-status_icon_energy","texture":"9cJEnmjzRPILokPRwyhO8i","rect":[1201,1126,131,115],"offset":[0,0],"originalSize":[131,115],"capInsets":[0,0,0,0]}},{"__type__":"cc.SpriteFrame","content":{"name":"common-btn_common_d","texture":"9cJEnmjzRPILokPRwyhO8i","rect":[69,710,358,190],"offset":[0,0],"originalSize":[358,190],"capInsets":[60,60,60,60]}},{"__type__":"cc.SpriteFrame","content":{"name":"btn-btn_sound_n","texture":"9cJEnmjzRPILokPRwyhO8i","rect":[894,1587,153,142],"offset":[0,0],"originalSize":[153,142],"capInsets":[0,0,0,0]}},{"__type__":"cc.SpriteFrame","content":{"name":"element_icon-icon_level_name_01","texture":"9cJEnmjzRPILokPRwyhO8i","rect":[427,520,284,73],"offset":[0,0],"originalSize":[284,73],"rotated":1,"capInsets":[0,0,0,0]}},{"__type__":"cc.SpriteFrame","content":{"name":"btn-btn_rank_n","texture":"9cJEnmjzRPILokPRwyhO8i","rect":[1840,486,153,142],"offset":[0,0],"originalSize":[153,142],"capInsets":[0,0,0,0]}},{"__type__":"cc.SpriteFrame","content":{"name":"element_icon-icon_strength","texture":"9cJEnmjzRPILokPRwyhO8i","rect":[204,1708,204,202],"offset":[0,0],"originalSize":[204,202],"capInsets":[0,0,0,0]}},{"__type__":"cc.SpriteFrame","content":{"name":"element_page-status_icon_life","texture":"9cJEnmjzRPILokPRwyhO8i","rect":[1122,831,96,88],"offset":[0,0],"originalSize":[96,88],"rotated":1,"capInsets":[0,0,0,0]}},{"__type__":"cc.SpriteFrame","content":{"name":"btn-btn_compass_n","texture":"9cJEnmjzRPILokPRwyhO8i","rect":[908,547,153,142],"offset":[0,0],"originalSize":[153,142],"capInsets":[0,0,0,0]}},{"__type__":"cc.SpriteFrame","content":{"name":"element_icon-icon_timer","texture":"9cJEnmjzRPILokPRwyhO8i","rect":[500,737,204,202],"offset":[0,0],"originalSize":[204,202],"capInsets":[0,0,0,0]}},{"__type__":"cc.SpriteFrame","content":{"name":"btn-btn_music_n","texture":"9cJEnmjzRPILokPRwyhO8i","rect":[1516,842,153,142],"offset":[0,0],"originalSize":[153,142],"capInsets":[0,0,0,0]}},{"__type__":"cc.SpriteFrame","content":{"name":"common-radio_on","texture":"9cJEnmjzRPILokPRwyhO8i","rect":[1944,1152,98,98],"offset":[0,0],"originalSize":[98,98],"capInsets":[0,0,0,0]}},{"__type__":"cc.SpriteAtlas","_name":"uipack.plist","_spriteFrames":{"battle-circle":{"__uuid__":"c8+sRHcM5FfIfI/pBNYO1h"},"battle-rocker_a":{"__uuid__":"05Gj3mg2lKWIV2TWpeY//O"},"battle-rocker_b":{"__uuid__":"e3RN5GdO5OH73vX61HHKV0"},"battle-shoot_a":{"__uuid__":"5bxmlyViNE3LNPO/sgoh+V"},"battle-shoot_b":{"__uuid__":"9b5dLYbkZHt4jafo7iSoTs"},"battle-thunder_a":{"__uuid__":"f1YpoLcY1C5ZyF3T7aPjLz"},"battle-thunder_b":{"__uuid__":"6fxW6M85ZNjZ2pCt1o4IbX"},"btn-btn_attach_n":{"__uuid__":"7c9F0goE9Bd6EUALwoT0po"},"btn-btn_backward_n":{"__uuid__":"c71JSP+m5MFaO4GlSdpfnp"},"btn-btn_bomb_n":{"__uuid__":"7fgYplCb1IxpVIMS6/bWJv"},"btn-btn_calendar_n":{"__uuid__":"b2ulzWJlJGIKrbRdlGfZml"},"btn-btn_camera_n":{"__uuid__":"dc4FQanBRFvZ2d1QrFuq3P"},"btn-btn_category_n":{"__uuid__":"cceSk89RhLybvtA4KYyK+t"},"btn-btn_check_n":{"__uuid__":"b9IfEF0cdIjbLqka6mM2g2"},"btn-btn_chest_n":{"__uuid__":"33MGkWrO1I/rviK63V+q15"},"btn-btn_coin_n":{"__uuid__":"d57xO86SdGT6JmYZeabRt9"},"btn-btn_compass_n":{"__uuid__":"0e9YxKNENEQb8DNVkJVbvM"},"btn-btn_dollar_n":{"__uuid__":"30EjVc6zdCKpq1Rw9Y8tSV"},"btn-btn_down_n":{"__uuid__":"7fFUdoJ9VIH4Ot9gLsnANl"},"btn-btn_earth_n":{"__uuid__":"03ktFNFqRO964i2Cv3qjI0"},"btn-btn_energy_n":{"__uuid__":"48YoARzzlHO4se/POpfgdV"},"btn-btn_exit_n":{"__uuid__":"29CAgBCqxPgp/R+weXO+YE"},"btn-btn_fire_n":{"__uuid__":"97Ofv+ZbdOYqsNSdqpxpS7"},"btn-btn_flag_n":{"__uuid__":"a5U0ATsF5H7Z6mrkWPjodF"},"btn-btn_forward_n":{"__uuid__":"ddOO5TplhH/oyVMkx0tvrk"},"btn-btn_gem_n":{"__uuid__":"b9my2kBKRFpI4tFCnzLt3M"},"btn-btn_gun_n":{"__uuid__":"dfhAHFxvJBYrFj2Zno8P+q"},"btn-btn_home_n":{"__uuid__":"6fDlxGbm9DSJUoG6SAaEST"},"btn-btn_hourglass_n":{"__uuid__":"e0sxWl4KtAbIv/MU8SunGn"},"btn-btn_info_n":{"__uuid__":"558fKCt75FgIm+UBJiXCv6"},"btn-btn_life_n":{"__uuid__":"ceyC07FOZDi6lQWDf6UQQS"},"btn-btn_list_n":{"__uuid__":"b67p7LjvxNHZGOhXFHjbIV"},"btn-btn_lock_n":{"__uuid__":"52O9CGKuFCPrGXSOGc4DRA"},"btn-btn_magnetic_n":{"__uuid__":"f6Fw8EEl9Fcr+5NEC7lhCX"},"btn-btn_mail_n":{"__uuid__":"3e9KQ2xWFGR5Zbc623A7JA"},"btn-btn_mail_open_n":{"__uuid__":"ceepY8ZpNMm74xJ6X90vPQ"},"btn-btn_map_n":{"__uuid__":"77FklkfVxEW6yuOrv+wQfM"},"btn-btn_medal_n":{"__uuid__":"a9HdP39sRP/LCUylClQWpt"},"btn-btn_minus_n":{"__uuid__":"1b8ejgA+dNoILLUgUlURV2"},"btn-btn_missile_n":{"__uuid__":"ac9Zym8ntN8o34+EKvcc2a"},"btn-btn_modify_n":{"__uuid__":"2dzWjBU41G5ZJIN7g/IoZF"},"btn-btn_more_n":{"__uuid__":"c09TbCLixPbpc+DCibMm6b"},"btn-btn_music_n":{"__uuid__":"12seJG9s5HlZoPgOsJgR9Q"},"btn-btn_next_n":{"__uuid__":"28oZsrKzVFQYGEp/2uwZxe"},"btn-btn_notification_n":{"__uuid__":"d6Zh+z7S5JMIgIbNkXMg2I"},"btn-btn_pause_n":{"__uuid__":"c7rrtVdpZAw46xXo9HkKsc"},"btn-btn_picture_n":{"__uuid__":"76XJHgruRPtby7a6EPu8I4"},"btn-btn_play_n":{"__uuid__":"3aV4VllVBDl7vOSindUakN"},"btn-btn_plus_n":{"__uuid__":"faQbDNnBhMtq3PhZln/IGW"},"btn-btn_prev_n":{"__uuid__":"5afbOI5SZO5rYdr0RHYQYF"},"btn-btn_profile_n":{"__uuid__":"c79OFl5rBDG4VkbtZHldSq"},"btn-btn_question_n":{"__uuid__":"bfLK8kHapPjYC7h21PRYCn"},"btn-btn_rank_n":{"__uuid__":"09LDIa39dP6p81p5AZF/bi"},"btn-btn_recent_n":{"__uuid__":"efZ65tacRPiK5v1qhqDKl8"},"btn-btn_refresh_n":{"__uuid__":"20ERBcp51Mq6nX0uGrhuCr"},"btn-btn_remove_n":{"__uuid__":"6dGuJoTjNM9YnN7p+hn6lj"},"btn-btn_restart_n":{"__uuid__":"cdYFphLklMS7maHut8YcEb"},"btn-btn_rocket_n":{"__uuid__":"74PZAiRD1N/7TjA+LHEa0J"},"btn-btn_search_n":{"__uuid__":"6dB+q/59FGd7xA7qdX1/58"},"btn-btn_setting_n":{"__uuid__":"cbyPIBXc1IWaP/hveq3jsP"},"btn-btn_share_n":{"__uuid__":"e3m3CyDW5OqJr/igmHzriC"},"btn-btn_shield_n":{"__uuid__":"e9yp8naVNLqJ77Xz9oauGm"},"btn-btn_shop_n":{"__uuid__":"f8mtulkDJAN7PfCN9k0qZE"},"btn-btn_skull_n":{"__uuid__":"ddmLc/hP5ATbWcnA841OsM"},"btn-btn_sound_n":{"__uuid__":"07bkXoBf1B66bBXMOhG50U"},"btn-btn_sound_off_n":{"__uuid__":"88eVNPxv9LOIFV4dsmy9mb"},"btn-btn_star_n":{"__uuid__":"43VXiNlExMfL7xPXHMYSj0"},"btn-btn_stop_n":{"__uuid__":"d6qpFecVxLm4w6ApMIXcLi"},"btn-btn_strength_n":{"__uuid__":"e3mqAM3hNImYbbyMio5jrT"},"btn-btn_sword_n":{"__uuid__":"c0+auTb5BPFpOJ9uubUe+G"},"btn-btn_talk_n":{"__uuid__":"18bnYhBvBOlpxBxlMsICju"},"btn-btn_target_n":{"__uuid__":"c5cXb9T69KTIcB89Twh7Jo"},"btn-btn_thunder_n":{"__uuid__":"a1UuWNcSxNOqo0jCjMUCse"},"btn-btn_timer_n":{"__uuid__":"14bbk/0NxDT4DT0zlL3oja"},"btn-btn_trophy_n":{"__uuid__":"27gGV6kuJH2IvkOOkwfBnO"},"btn-btn_up_n":{"__uuid__":"67Z7tgpPlJj7QYhjers6Rr"},"btn-btn_video_n":{"__uuid__":"b4rF4ymxdBSKvwdeo6TO6y"},"btn-btn_warning_n":{"__uuid__":"efIspg4d1KCqcehets27Pc"},"btn-btn_water_n":{"__uuid__":"630E2W6p5MgIikAuW9qQlG"},"btn-btn_yellow_f":{"__uuid__":"b5nzs1aT1Oy68twvt4QtL7"},"btn-btn_yellow_n":{"__uuid__":"5a6752aoBHzapX0UOvtpWM"},"common-btn_common_back_n":{"__uuid__":"598JF4iqVP9b5qu2CPac06"},"common-btn_common_d":{"__uuid__":"06RAb4QX9E+Li0EuZGLsxZ"},"common-btn_common_n":{"__uuid__":"3b6QmfAOpOK5n8Nl4+RQXB"},"common-btn_common_pause_n":{"__uuid__":"1fBnV7sdFJhLu3BXs67cv9"},"common-check_line_off":{"__uuid__":"4dmeeRRepOGL9NeoBJ+lVe"},"common-check_line_on":{"__uuid__":"34AsOC8RRHQKZ14AEyqibS"},"common-check_off":{"__uuid__":"1dOt7vtMlFypvOp2r+eo1e"},"common-check_on":{"__uuid__":"ba3lxCAe5Br61gsyED6w28"},"common-count_bg":{"__uuid__":"b43aLRnKJH9I0aCp+Usyre"},"common-item_frame_f":{"__uuid__":"23HpFNJpVKf7PFXWN54C3f"},"common-item_frame_n":{"__uuid__":"35bnqd9CVK+IQdHCvsInAd"},"common-list_bg_d":{"__uuid__":"508mdYwWtHwpi30MCg7xP2"},"common-list_bg_n":{"__uuid__":"48CYiytA5O2qrlL+Ybif5L"},"common-list_bg_yellow_n":{"__uuid__":"66uhyGPGdDZaznISoFEldJ"},"common-list_shadow_bottom":{"__uuid__":"df5AsnqrhHH4SaGWTiM8K0"},"common-list_shadow_top":{"__uuid__":"90mXaj4JVHipeXgEHI+u5K"},"common-loading_bar":{"__uuid__":"8bHoQlsqJMWaMa3HkTUmiT"},"common-loading_bar_bg":{"__uuid__":"34F1RsCF1P/bFrzQIjLmOZ"},"common-loading_bg":{"__uuid__":"a7zv8dBodNGay4BDFG3NDD"},"common-notice_icon":{"__uuid__":"3fZhgRyTpJObm1BLmx1Nnu"},"common-page_navi_off":{"__uuid__":"52l22dPPdLZaal1Iir3GWP"},"common-page_navi_on":{"__uuid__":"5c4DMWUBVGcqitWDfkxxF9"},"common-radio_off":{"__uuid__":"407URT+kJBs5v7rVuKAMM2"},"common-radio_on":{"__uuid__":"13G7aoLftL6b0KGC/1GK+A"},"common-shop_tab_f":{"__uuid__":"favE+GF9pHH7x+RV5Z/l4G"},"common-shop_tab_line":{"__uuid__":"14pbIHIkFM7KsCZ3tx6ASm"},"common-shop_tab_n":{"__uuid__":"ae7YqMPJ9FjaSz8qHntL+H"},"common-switch_bg":{"__uuid__":"26II+TYVdIqI5TGZs7P9Q0"},"common-switch_point":{"__uuid__":"bcWmc8F0NBA6T9zShlIo4k"},"common-txt_input_f":{"__uuid__":"74MPImfWpHJ7optlu8BHAM"},"common-txt_input_n":{"__uuid__":"46R9BxbO9JApg6nAG8RdvS"},"common-user_empty_d":{"__uuid__":"91exDkqk5KcJl+keoEHCzZ"},"common-user_empty_n":{"__uuid__":"04Zj6J/EJPl7JkmfIrVgWt"},"element_icon-icon_bomb":{"__uuid__":"a5Mo46NHJLFYDN+0TzoSSx"},"element_icon-icon_compass":{"__uuid__":"1e7ZWl4dxEHI9Uv7br7P8z"},"element_icon-icon_energy":{"__uuid__":"89kFjnZItE15s2/pCCOQkS"},"element_icon-icon_gun":{"__uuid__":"e9A9a7ty5KObTc2XVfwcTp"},"element_icon-icon_key":{"__uuid__":"19OMdwp3BDGb1EtCyRs7Aq"},"element_icon-icon_level_name_01":{"__uuid__":"08WvSt/fhC8JLcleljCkoD"},"element_icon-icon_level_name_02":{"__uuid__":"c0U/YkfWpNXZBrycF1h+0q"},"element_icon-icon_level_name_03":{"__uuid__":"e9rstfq7tFR5f2Dcm3VS1M"},"element_icon-icon_level_name_04":{"__uuid__":"28x5eJZ+tNZ6yfC1SBFfKH"},"element_icon-icon_magnetic":{"__uuid__":"8f/b4NKbNBRptsHsPN75k0"},"element_icon-icon_map":{"__uuid__":"476MrylzJCFZ9h2ZbaHMXa"},"element_icon-icon_missile":{"__uuid__":"a9GHpsC+lIpp7isuMq0YbT"},"element_icon-icon_rank_bronze":{"__uuid__":"24JtfDnBlImKqtCQxP7MWB"},"element_icon-icon_rank_default":{"__uuid__":"18ovy30TlIQqH/sWuUdNKT"},"element_icon-icon_rank_gold":{"__uuid__":"15oUTMQitPW507T/LzYraR"},"element_icon-icon_rank_silver":{"__uuid__":"43x/gyVnVHa41AnrMLDKKJ"},"element_icon-icon_rocket":{"__uuid__":"92XrEp2sJM4q8CsjMAinyp"},"element_icon-icon_shield":{"__uuid__":"d7vHy1QRVHarBUVqz4tOem"},"element_icon-icon_skull":{"__uuid__":"dfODDbiyRBtImUIeHrWAdz"},"element_icon-icon_strength":{"__uuid__":"09f6k0ZQxIMbW9ItHlF10g"},"element_icon-icon_sword":{"__uuid__":"b2/Vw2XtRG4qhtVkktYJT8"},"element_icon-icon_target":{"__uuid__":"68un+hJ7JM/pLZpdqjpAuj"},"element_icon-icon_timer":{"__uuid__":"12p6Pjw8tNY6o76s65/0od"},"element_icon-icon_treasure":{"__uuid__":"9ckiOhwDZGHYu7NSsDhBwP"},"element_icon-menu_icon_mission":{"__uuid__":"d21C8MZphHU4rKuJoIE4s8"},"element_icon-menu_icon_setting":{"__uuid__":"db63t0qv9GM4p/Pzo3kpyX"},"element_icon-menu_icon_store":{"__uuid__":"a0q/CQIjFHs6HfkxYHkqnD"},"element_page-btn_add_f":{"__uuid__":"89svSudLNMOqQe9nchpw91"},"element_page-btn_add_n":{"__uuid__":"d7ARIA6AFGr4RNh+Ze7OVj"},"element_page-eosblue":{"__uuid__":"02LnO330RNbpf7k5QfhMdu"},"element_page-rune_day":{"__uuid__":"beEMRqOjhF2YnGoDff5mFj"},"element_page-rune_fire":{"__uuid__":"65Q5tXItlHOIJCEkJFtEdt"},"element_page-rune_leaf":{"__uuid__":"9dzDdakDNAb5WLS2J+NU+E"},"element_page-rune_night":{"__uuid__":"b0N24Rf0hJFbICq/OawwEo"},"element_page-rune_thunder":{"__uuid__":"88CBayy+lGlaoqDBTCP4EN"},"element_page-rune_water":{"__uuid__":"877OQEfJRL8Kwysu5SpGMA"},"element_page-status_gage_bar_bg":{"__uuid__":"4cdWpuUkpHHruYPV4ZGK1k"},"element_page-status_gage_bar_color":{"__uuid__":"53SXIG2tBKF5Hic0j+zd3n"},"element_page-status_gage_bar_cyan":{"__uuid__":"27C4aRg/JP94TBWHyETG1D"},"element_page-status_gage_bar_green":{"__uuid__":"41CaeHzphLf58ZFzSr0r8n"},"element_page-status_gage_bar_pink":{"__uuid__":"562Vvpj4NBn7Gg/8bzPlkF"},"element_page-status_gage_bar_red":{"__uuid__":"743T+BX7lHWIiwh8NEMI54"},"element_page-status_gage_bar_white":{"__uuid__":"4fDjJd+TNDNpnNbkq8quK+"},"element_page-status_gage_bar_yellow":{"__uuid__":"87eiF0zjlIhLRMU15Iyddp"},"element_page-status_gage_common":{"__uuid__":"cdTUP5XLJF7b7isg5OtWln"},"element_page-status_gem":{"__uuid__":"8dTbBFO+RNZK03dLEu4mAc"},"element_page-status_icon_bg":{"__uuid__":"1bs/pEBj5GX6r/Uta1n1qJ"},"element_page-status_icon_bomb":{"__uuid__":"96syNcR4hJfL81P7ORGeEO"},"element_page-status_icon_coin":{"__uuid__":"6crjbhhClD47QE7fX1kuZY"},"element_page-status_icon_energy":{"__uuid__":"06Lf3D82xIua5MiCBFBorF"},"element_page-status_icon_gun":{"__uuid__":"40JMjkZCVLnYLneFDuIa1Q"},"element_page-status_icon_life":{"__uuid__":"0bQ2CXlSRASIupYtERHNvV"},"element_page-status_icon_rocket":{"__uuid__":"afWq3R1DVJiLrp13yCO3Hv"},"element_page-status_icon_shield":{"__uuid__":"8ecI0Hdr5CC7JJGEHEuikD"},"element_page-status_icon_time":{"__uuid__":"2bS3KbLTlFWaYIPrq5/Tob"},"element_page-status_opponent_gage_bg":{"__uuid__":"c3hlL1vHRMgJfQYCE1r+9x"},"element_page-status_opponent_user_frame":{"__uuid__":"e5nZaNDnZM55i/hu6v4wjF"},"element_page-status_you_gage_bg":{"__uuid__":"ffxVdgwCBCnKFMZ5cB3OOD"},"element_page-status_you_gage_blue":{"__uuid__":"41E4SrnYtDA7tqOM7SnzHT"},"element_page-status_you_gage_color":{"__uuid__":"eaP8P3xq9BVouNHYkpfgfd"},"element_page-status_you_gage_red":{"__uuid__":"8euWX23iBKt7aM/U2/gT4Q"},"element_page-status_you_user_profile":{"__uuid__":"d5SHmuXhZH7piL1YFJAOMT"},"popup-popup_bg_01":{"__uuid__":"7cTUccc6lGC7q65Yity0Jq"},"popup-popup_btn_close_f":{"__uuid__":"05ESnWZaBEM7enilZsF4R8"},"popup-popup_btn_close_n":{"__uuid__":"1f/q4U5PJPE7P/6vPUrM3A"},"popup-popup_btn_f":{"__uuid__":"f0iCb8KQdHwqXZVdCr9QVS"},"popup-popup_btn_n":{"__uuid__":"8a2SPnuBFMO6B4aLK7k/e2"},"popup-popup_title_01":{"__uuid__":"93kRhFD/tJU4ibFMq0xcfi"}}},{"__type__":"cc.SpriteFrame","content":{"name":"btn-btn_timer_n","texture":"9cJEnmjzRPILokPRwyhO8i","rect":[1659,1552,153,142],"offset":[0,0],"originalSize":[153,142],"capInsets":[0,0,0,0]}},{"__type__":"cc.SpriteFrame","content":{"name":"common-shop_tab_line","texture":"9cJEnmjzRPILokPRwyhO8i","rect":[401,1910,2,2],"offset":[0,0],"originalSize":[2,2],"capInsets":[0,0,0,0]}},{"__type__":"cc.SpriteFrame","content":{"name":"element_icon-icon_rank_gold","texture":"9cJEnmjzRPILokPRwyhO8i","rect":[695,1473,139,129],"offset":[0,0],"originalSize":[139,129],"capInsets":[0,0,0,0]}},{"__type__":"cc.SpriteFrame","content":{"name":"btn-btn_talk_n","texture":"9cJEnmjzRPILokPRwyhO8i","rect":[1200,1552,153,142],"offset":[0,0],"originalSize":[153,142],"capInsets":[0,0,0,0]}},{"__type__":"cc.SpriteFrame","content":{"name":"element_icon-icon_rank_default","texture":"9cJEnmjzRPILokPRwyhO8i","rect":[633,1909,139,129],"offset":[0,0],"originalSize":[139,129],"capInsets":[0,0,0,0]}},{"__type__":"cc.SpriteFrame","content":{"name":"element_icon-icon_key","texture":"9cJEnmjzRPILokPRwyhO8i","rect":[0,1102,204,202],"offset":[0,0],"originalSize":[204,202],"capInsets":[0,0,0,0]}},{"__type__":"cc.SpriteFrame","content":{"name":"element_page-status_icon_bg","texture":"9cJEnmjzRPILokPRwyhO8i","rect":[1402,190,143,133],"offset":[0,0],"originalSize":[143,133],"capInsets":[0,0,0,0]}},{"__type__":"cc.SpriteFrame","content":{"name":"btn-btn_minus_n","texture":"9cJEnmjzRPILokPRwyhO8i","rect":[1485,1126,153,142],"offset":[0,0],"originalSize":[153,142],"capInsets":[0,0,0,0]}},{"__type__":"cc.SpriteFrame","content":{"name":"common-check_off","texture":"9cJEnmjzRPILokPRwyhO8i","rect":[1466,1836,102,102],"offset":[0,0],"originalSize":[102,102],"capInsets":[0,0,0,0]}},{"__type__":"cc.SpriteFrame","content":{"name":"element_icon-icon_compass","texture":"9cJEnmjzRPILokPRwyhO8i","rect":[69,900,204,202],"offset":[0,0],"originalSize":[204,202],"capInsets":[0,0,0,0]}},{"__type__":"cc.SpriteFrame","content":{"name":"common-btn_common_pause_n","texture":"9cJEnmjzRPILokPRwyhO8i","rect":[1545,255,154,142],"offset":[0,0],"originalSize":[154,142],"capInsets":[0,0,0,0]}},{"__type__":"cc.SpriteFrame","content":{"name":"popup-popup_btn_close_n","texture":"9cJEnmjzRPILokPRwyhO8i","rect":[1015,831,107,108],"offset":[0,0],"originalSize":[107,108],"capInsets":[0,0,0,0]}},{"__type__":"cc.SpriteFrame","content":{"name":"btn-btn_refresh_n","texture":"9cJEnmjzRPILokPRwyhO8i","rect":[1640,539,153,142],"offset":[0,0],"originalSize":[153,142],"capInsets":[0,0,0,0]}},{"__type__":"cc.SpriteFrame","content":{"name":"common-item_frame_f","texture":"9cJEnmjzRPILokPRwyhO8i","rect":[501,1339,194,192],"offset":[0,0],"originalSize":[194,192],"capInsets":[0,0,0,0]}},{"__type__":"cc.SpriteFrame","content":{"name":"element_icon-icon_rank_bronze","texture":"9cJEnmjzRPILokPRwyhO8i","rect":[821,405,139,129],"offset":[0,0],"originalSize":[139,129],"capInsets":[0,0,0,0]}},{"__type__":"cc.SpriteFrame","content":{"name":"common-switch_bg","texture":"9cJEnmjzRPILokPRwyhO8i","rect":[501,1531,151,72],"offset":[0,0],"originalSize":[151,72],"capInsets":[0,0,0,0]}},{"__type__":"cc.SpriteFrame","content":{"name":"element_page-status_gage_bar_cyan","texture":"9cJEnmjzRPILokPRwyhO8i","rect":[477,1081,16,46],"offset":[0,0],"originalSize":[16,46],"rotated":1,"capInsets":[0,0,0,0]}},{"__type__":"cc.SpriteFrame","content":{"name":"btn-btn_trophy_n","texture":"9cJEnmjzRPILokPRwyhO8i","rect":[1200,1694,153,142],"offset":[0,0],"originalSize":[153,142],"capInsets":[0,0,0,0]}},{"__type__":"cc.SpriteFrame","content":{"name":"btn-btn_next_n","texture":"9cJEnmjzRPILokPRwyhO8i","rect":[1638,1126,153,142],"offset":[0,0],"originalSize":[153,142],"capInsets":[0,0,0,0]}},{"__type__":"cc.SpriteFrame","content":{"name":"element_icon-icon_level_name_04","texture":"9cJEnmjzRPILokPRwyhO8i","rect":[0,1910,284,73],"offset":[0,0],"originalSize":[284,73],"capInsets":[0,0,0,0]}},{"__type__":"cc.SpriteFrame","content":{"name":"btn-btn_exit_n","texture":"9cJEnmjzRPILokPRwyhO8i","rect":[1059,1092,153,142],"offset":[0,0],"originalSize":[153,142],"rotated":1,"capInsets":[0,0,0,0]}},{"__type__":"cc.SpriteFrame","content":{"name":"default_btn_disabled","texture":"71VhFCTINJM6/Ky3oX9nBT","rect":[0,0,40,40],"offset":[0,0],"originalSize":[40,40],"capInsets":[12,12,12,12]}},{"__type__":"cc.SpriteFrame","content":{"name":"element_page-status_icon_time","texture":"9cJEnmjzRPILokPRwyhO8i","rect":[1335,1836,131,115],"offset":[0,0],"originalSize":[131,115],"capInsets":[0,0,0,0]}},{"__type__":"cc.SpriteFrame","content":{"name":"TextInput","texture":"b3iWnnJINPSIJJuUK9tj9i","rect":[0,0,74,74],"offset":[0,0],"originalSize":[74,74],"capInsets":[19,15,19,25]}},{"__type__":"cc.SpriteFrame","content":{"name":"btn-btn_modify_n","texture":"9cJEnmjzRPILokPRwyhO8i","rect":[1480,1410,153,142],"offset":[0,0],"originalSize":[153,142],"capInsets":[0,0,0,0]}},{"__type__":"cc.SpriteFrame","content":{"name":"btn-btn_dollar_n","texture":"9cJEnmjzRPILokPRwyhO8i","rect":[1061,547,153,142],"offset":[0,0],"originalSize":[153,142],"capInsets":[0,0,0,0]}},{"__type__":"cc.SpriteFrame","content":{"name":"btn-btn_chest_n","texture":"9cJEnmjzRPILokPRwyhO8i","rect":[960,405,153,142],"offset":[0,0],"originalSize":[153,142],"capInsets":[0,0,0,0]}},{"__type__":"cc.SpriteFrame","content":{"name":"common-check_line_on","texture":"9cJEnmjzRPILokPRwyhO8i","rect":[1670,1936,100,100],"offset":[0,0],"originalSize":[100,100],"capInsets":[0,0,0,0]}},{"__type__":"cc.SpriteFrame","content":{"name":"common-loading_bar_bg","texture":"9cJEnmjzRPILokPRwyhO8i","rect":[1293,367,56,32],"offset":[0,0],"originalSize":[56,32],"capInsets":[0,0,0,0]}},{"__type__":"cc.SpriteFrame","content":{"name":"common-item_frame_n","texture":"9cJEnmjzRPILokPRwyhO8i","rect":[701,1139,194,192],"offset":[0,0],"originalSize":[194,192],"capInsets":[0,0,0,0]}},{"__type__":"cc.SpriteFrame","content":{"name":"btn-btn_play_n","texture":"9cJEnmjzRPILokPRwyhO8i","rect":[1791,1126,153,142],"offset":[0,0],"originalSize":[153,142],"capInsets":[0,0,0,0]}},{"__type__":"cc.SpriteFrame","content":{"name":"common-btn_common_n","texture":"9cJEnmjzRPILokPRwyhO8i","rect":[1192,0,358,190],"offset":[0,0],"originalSize":[358,190],"capInsets":[60,60,60,60]}},{"__type__":"cc.SpriteFrame","content":{"name":"btn-btn_mail_n","texture":"9cJEnmjzRPILokPRwyhO8i","rect":[1327,1268,153,142],"offset":[0,0],"originalSize":[153,142],"capInsets":[0,0,0,0]}},{"__type__":"cc.SpriteFrame","content":{"name":"common-notice_icon","texture":"9cJEnmjzRPILokPRwyhO8i","rect":[1968,698,74,70],"offset":[0,0],"originalSize":[74,70],"capInsets":[0,0,0,0]}},{"__type__":"cc.SpriteFrame","content":{"name":"element_page-status_icon_gun","texture":"9cJEnmjzRPILokPRwyhO8i","rect":[1212,1241,131,115],"offset":[0,0],"originalSize":[131,115],"rotated":1,"capInsets":[0,0,0,0]}},{"__type__":"cc.SpriteFrame","content":{"name":"common-radio_off","texture":"9cJEnmjzRPILokPRwyhO8i","rect":[1944,1054,98,98],"offset":[0,0],"originalSize":[98,98],"capInsets":[0,0,0,0]}},{"__type__":"cc.SpriteFrame","content":{"name":"element_page-status_gage_bar_green","texture":"9cJEnmjzRPILokPRwyhO8i","rect":[523,1081,16,46],"offset":[0,0],"originalSize":[16,46],"rotated":1,"capInsets":[0,0,0,0]}},{"__type__":"cc.SpriteFrame","content":{"name":"element_page-status_you_gage_blue","texture":"9cJEnmjzRPILokPRwyhO8i","rect":[501,1097,18,42],"offset":[0,0],"originalSize":[18,42],"capInsets":[0,0,0,0]}},{"__type__":"cc.SpriteFrame","content":{"name":"btn-btn_star_n","texture":"9cJEnmjzRPILokPRwyhO8i","rect":[900,1729,153,142],"offset":[0,0],"originalSize":[153,142],"rotated":1,"capInsets":[0,0,0,0]}},{"__type__":"cc.SpriteFrame","content":{"name":"element_icon-icon_rank_silver","texture":"9cJEnmjzRPILokPRwyhO8i","rect":[772,1908,139,129],"offset":[0,0],"originalSize":[139,129],"capInsets":[0,0,0,0]}},{"__type__":"cc.Texture2D","content":"0,9729,9729,33071,33071,0"},{"__type__":"cc.SpriteFrame","content":{"name":"common-txt_input_n","texture":"9cJEnmjzRPILokPRwyhO8i","rect":[2032,918,10,112],"offset":[0,0],"originalSize":[10,112],"capInsets":[0,0,0,0]}},{"__type__":"cc.SpriteFrame","content":{"name":"element_icon-icon_map","texture":"9cJEnmjzRPILokPRwyhO8i","rect":[204,1102,204,202],"offset":[0,0],"originalSize":[204,202],"capInsets":[0,0,0,0]}},{"__type__":"cc.SpriteFrame","content":{"name":"common-list_bg_n","texture":"9cJEnmjzRPILokPRwyhO8i","rect":[1812,1705,140,140],"offset":[0,0],"originalSize":[140,140],"capInsets":[0,0,0,0]}},{"__type__":"cc.SpriteFrame","content":{"name":"btn-btn_energy_n","texture":"9cJEnmjzRPILokPRwyhO8i","rect":[1031,939,153,142],"offset":[0,0],"originalSize":[153,142],"rotated":1,"capInsets":[0,0,0,0]}},{"__type__":"cc.SpriteFrame","content":{"name":"element_page-status_gage_bar_bg","texture":"9cJEnmjzRPILokPRwyhO8i","rect":[1870,1945,86,86],"offset":[0,0],"originalSize":[86,86],"capInsets":[0,0,0,0]}},{"__type__":"cc.SpriteFrame","content":{"name":"common-check_line_off","texture":"9cJEnmjzRPILokPRwyhO8i","rect":[1566,1938,100,100],"offset":[0,0],"originalSize":[100,100],"capInsets":[0,0,0,0]}},{"__type__":"cc.SpriteFrame","content":{"name":"element_page-status_gage_bar_white","texture":"9cJEnmjzRPILokPRwyhO8i","rect":[2021,0,16,46],"offset":[0,0],"originalSize":[16,46],"capInsets":[0,0,0,0]}},{"__type__":"cc.SpriteFrame","content":{"name":"common-list_bg_d","texture":"9cJEnmjzRPILokPRwyhO8i","rect":[1673,834,140,140],"offset":[0,0],"originalSize":[140,140],"capInsets":[0,0,0,0]}},{"__type__":"cc.SpriteFrame","content":{"name":"stage_title","texture":"7dNwU629FEwJ/HSYn5hlN8","rect":[0,0,694,324],"offset":[0,0],"originalSize":[694,324],"capInsets":[347,0,347,0]}},{"__type__":"cc.SpriteFrame","content":{"name":"btn-btn_lock_n","texture":"9cJEnmjzRPILokPRwyhO8i","rect":[1354,984,153,142],"offset":[0,0],"originalSize":[153,142],"capInsets":[0,0,0,0]}},{"__type__":"cc.SpriteFrame","content":{"name":"common-page_navi_off","texture":"9cJEnmjzRPILokPRwyhO8i","rect":[1793,539,42,42],"offset":[0,0],"originalSize":[42,42],"capInsets":[0,0,0,0]}},{"__type__":"cc.SpriteFrame","content":{"name":"element_page-status_gage_bar_color","texture":"9cJEnmjzRPILokPRwyhO8i","rect":[0,1076,16,46],"offset":[0,0],"originalSize":[16,46],"rotated":1,"capInsets":[0,0,0,0]}},{"__type__":"cc.SpriteFrame","content":{"name":"btn-btn_info_n","texture":"9cJEnmjzRPILokPRwyhO8i","rect":[1210,842,153,142],"offset":[0,0],"originalSize":[153,142],"capInsets":[0,0,0,0]}},{"__type__":"cc.SpriteFrame","content":{"name":"element_page-status_gage_bar_pink","texture":"9cJEnmjzRPILokPRwyhO8i","rect":[1817,202,16,46],"offset":[0,0],"originalSize":[16,46],"capInsets":[0,0,0,0]}},{"__type__":"cc.SpriteFrame","content":{"name":"common-btn_common_back_n","texture":"9cJEnmjzRPILokPRwyhO8i","rect":[477,939,154,142],"offset":[0,0],"originalSize":[154,142],"capInsets":[0,0,0,0]}},{"__type__":"cc.SpriteFrame","content":{"name":"btn-btn_prev_n","texture":"9cJEnmjzRPILokPRwyhO8i","rect":[1786,1410,153,142],"offset":[0,0],"originalSize":[153,142],"capInsets":[0,0,0,0]}},{"__type__":"cc.SpriteFrame","content":{"name":"btn-btn_yellow_n","texture":"9cJEnmjzRPILokPRwyhO8i","rect":[834,0,358,190],"offset":[0,0],"originalSize":[358,190],"capInsets":[0,0,0,0]}},{"__type__":"cc.SpriteFrame","content":{"name":"battle-shoot_a","texture":"9cJEnmjzRPILokPRwyhO8i","rect":[1293,263,104,104],"offset":[0,0],"originalSize":[104,104],"capInsets":[0,0,0,0]}},{"__type__":"cc.SpriteFrame","content":{"name":"common-page_navi_on","texture":"9cJEnmjzRPILokPRwyhO8i","rect":[652,1531,42,42],"offset":[0,0],"originalSize":[42,42],"capInsets":[0,0,0,0]}},{"__type__":"cc.SpriteFrame","content":{"name":"common_bg","texture":"4351UgFqpPVbkQu0RaAa7W","rect":[0,0,1920,1080],"offset":[0,0],"originalSize":[1920,1080],"capInsets":[0,0,0,0]}},{"__type__":"cc.SpriteFrame","content":{"name":"btn-btn_water_n","texture":"9cJEnmjzRPILokPRwyhO8i","rect":[1812,1552,153,142],"offset":[0,0],"originalSize":[153,142],"rotated":1,"capInsets":[0,0,0,0]}},{"__type__":"cc.SpriteFrame","content":{"name":"element_page-rune_fire","texture":"9cJEnmjzRPILokPRwyhO8i","rect":[1335,1951,86,78],"offset":[0,0],"originalSize":[86,78],"capInsets":[0,0,0,0]}},{"__type__":"cc.SpriteFrame","content":{"name":"common-list_bg_yellow_n","texture":"9cJEnmjzRPILokPRwyhO8i","rect":[1195,1836,140,140],"offset":[0,0],"originalSize":[140,140],"capInsets":[0,0,0,0]}},{"__type__":"cc.SpriteFrame","content":{"name":"btn-btn_up_n","texture":"9cJEnmjzRPILokPRwyhO8i","rect":[1353,1694,153,142],"offset":[0,0],"originalSize":[153,142],"capInsets":[0,0,0,0]}},{"__type__":"cc.SpriteFrame","content":{"name":"element_icon-icon_target","texture":"9cJEnmjzRPILokPRwyhO8i","rect":[408,1630,204,202],"offset":[0,0],"originalSize":[204,202],"rotated":1,"capInsets":[0,0,0,0]}},{"__type__":"cc.SpriteFrame","content":{"name":"element_page-status_icon_coin","texture":"9cJEnmjzRPILokPRwyhO8i","rect":[1956,1945,86,86],"offset":[0,0],"originalSize":[86,86],"capInsets":[0,0,0,0]}},{"__type__":"cc.SpriteFrame","content":{"name":"btn-btn_search_n","texture":"9cJEnmjzRPILokPRwyhO8i","rect":[1815,770,153,142],"offset":[0,0],"originalSize":[153,142],"capInsets":[0,0,0,0]}},{"__type__":"cc.SpriteFrame","content":{"name":"btn-btn_remove_n","texture":"9cJEnmjzRPILokPRwyhO8i","rect":[1520,699,153,142],"offset":[0,0],"originalSize":[153,142],"capInsets":[0,0,0,0]}},{"__type__":"cc.SpriteFrame","content":{"name":"btn-btn_home_n","texture":"9cJEnmjzRPILokPRwyhO8i","rect":[1059,1245,153,142],"offset":[0,0],"originalSize":[153,142],"capInsets":[0,0,0,0]}},{"__type__":"cc.SpriteFrame","content":{"name":"battle-thunder_b","texture":"9cJEnmjzRPILokPRwyhO8i","rect":[1466,1938,100,100],"offset":[0,0],"originalSize":[100,100],"capInsets":[0,0,0,0]}},{"__type__":"cc.Texture2D","content":"0,9729,9729,33071,33071,0"},{"__type__":"cc.SpriteFrame","content":{"name":"common-txt_input_f","texture":"9cJEnmjzRPILokPRwyhO8i","rect":[1669,974,10,112],"offset":[0,0],"originalSize":[10,112],"rotated":1,"capInsets":[0,0,0,0]}},{"__type__":"cc.SpriteFrame","content":{"name":"btn-btn_rocket_n","texture":"9cJEnmjzRPILokPRwyhO8i","rect":[1815,628,153,142],"offset":[0,0],"originalSize":[153,142],"capInsets":[0,0,0,0]}},{"__type__":"cc.SpriteFrame","content":{"name":"element_page-status_gage_bar_red","texture":"9cJEnmjzRPILokPRwyhO8i","rect":[1031,1092,16,46],"offset":[0,0],"originalSize":[16,46],"capInsets":[0,0,0,0]}},{"__type__":"cc.SpriteFrame","content":{"name":"btn-btn_picture_n","texture":"9cJEnmjzRPILokPRwyhO8i","rect":[1660,984,153,142],"offset":[0,0],"originalSize":[153,142],"capInsets":[0,0,0,0]}},{"__type__":"cc.SpriteFrame","content":{"name":"btn-btn_map_n","texture":"9cJEnmjzRPILokPRwyhO8i","rect":[616,1756,153,142],"offset":[0,0],"originalSize":[153,142],"rotated":1,"capInsets":[0,0,0,0]}},{"__type__":"cc.SpriteFrame","content":{"name":"popup-popup_bg_01","texture":"9cJEnmjzRPILokPRwyhO8i","rect":[0,0,554,520],"offset":[0,0],"originalSize":[554,520],"capInsets":[0,0,0,0]}},{"__type__":"cc.SpriteFrame","content":{"name":"btn-btn_attach_n","texture":"9cJEnmjzRPILokPRwyhO8i","rect":[1699,255,153,142],"offset":[0,0],"originalSize":[153,142],"capInsets":[0,0,0,0]}},{"__type__":"cc.Texture2D","content":"0,9729,9729,33071,33071,0"},{"__type__":"cc.SpriteFrame","content":{"name":"btn-btn_down_n","texture":"9cJEnmjzRPILokPRwyhO8i","rect":[908,689,153,142],"offset":[0,0],"originalSize":[153,142],"capInsets":[0,0,0,0]}},{"__type__":"cc.SpriteFrame","content":{"name":"btn-btn_bomb_n","texture":"9cJEnmjzRPILokPRwyhO8i","rect":[1852,344,153,142],"offset":[0,0],"originalSize":[153,142],"capInsets":[0,0,0,0]}},{"__type__":"cc.SpriteFrame","content":{"name":"element_page-status_gage_bar_yellow","texture":"9cJEnmjzRPILokPRwyhO8i","rect":[2005,202,16,46],"offset":[0,0],"originalSize":[16,46],"capInsets":[0,0,0,0]}},{"__type__":"cc.SpriteFrame","content":{"name":"element_page-rune_water","texture":"9cJEnmjzRPILokPRwyhO8i","rect":[1954,1666,86,78],"offset":[0,0],"originalSize":[86,78],"capInsets":[0,0,0,0]}},{"__type__":"cc.SpriteFrame","content":{"name":"element_page-rune_thunder","texture":"9cJEnmjzRPILokPRwyhO8i","rect":[1954,1580,86,78],"offset":[0,0],"originalSize":[86,78],"rotated":1,"capInsets":[0,0,0,0]}},{"__type__":"cc.SpriteFrame","content":{"name":"btn-btn_sound_off_n","texture":"9cJEnmjzRPILokPRwyhO8i","rect":[1047,1529,153,142],"offset":[0,0],"originalSize":[153,142],"capInsets":[0,0,0,0]}},{"__type__":"cc.SpriteFrame","content":{"name":"element_icon-icon_energy","texture":"9cJEnmjzRPILokPRwyhO8i","rect":[273,900,204,202],"offset":[0,0],"originalSize":[204,202],"capInsets":[0,0,0,0]}},{"__type__":"cc.SpriteFrame","content":{"name":"element_page-btn_add_f","texture":"9cJEnmjzRPILokPRwyhO8i","rect":[1968,852,66,66],"offset":[0,0],"originalSize":[66,66],"capInsets":[0,0,0,0]}},{"__type__":"cc.SpriteFrame","content":{"name":"popup-popup_btn_n","texture":"9cJEnmjzRPILokPRwyhO8i","rect":[408,1366,264,93],"offset":[0,0],"originalSize":[264,93],"rotated":1,"capInsets":[0,0,0,0]}},{"__type__":"cc.SpriteFrame","content":{"name":"common-loading_bar","texture":"9cJEnmjzRPILokPRwyhO8i","rect":[1139,1966,56,32],"offset":[0,0],"originalSize":[56,32],"capInsets":[0,0,0,0]}},{"__type__":"cc.SpriteFrame","content":{"name":"element_page-status_gem","texture":"9cJEnmjzRPILokPRwyhO8i","rect":[1813,1054,90,71],"offset":[0,0],"originalSize":[90,71],"capInsets":[0,0,0,0]}},{"__type__":"cc.SpriteFrame","content":{"name":"element_page-status_icon_shield","texture":"9cJEnmjzRPILokPRwyhO8i","rect":[1419,323,131,115],"offset":[0,0],"originalSize":[131,115],"rotated":1,"capInsets":[0,0,0,0]}},{"__type__":"cc.SpriteFrame","content":{"name":"element_page-status_you_gage_red","texture":"9cJEnmjzRPILokPRwyhO8i","rect":[537,1097,18,42],"offset":[0,0],"originalSize":[18,42],"capInsets":[0,0,0,0]}},{"__type__":"cc.SpriteFrame","content":{"name":"element_icon-icon_magnetic","texture":"9cJEnmjzRPILokPRwyhO8i","rect":[0,1304,204,202],"offset":[0,0],"originalSize":[204,202],"capInsets":[0,0,0,0]}},{"__type__":"cc.SpriteFrame","content":{"name":"common-list_shadow_top","texture":"9cJEnmjzRPILokPRwyhO8i","rect":[501,1613,10,109],"offset":[0,0],"originalSize":[10,109],"rotated":1,"capInsets":[0,0,0,0]}},{"__type__":"cc.SpriteFrame","content":{"name":"common-user_empty_d","texture":"9cJEnmjzRPILokPRwyhO8i","rect":[1939,1328,83,83],"offset":[0,0],"originalSize":[83,83],"capInsets":[0,0,0,0]}},{"__type__":"cc.SpriteFrame","content":{"name":"element_icon-icon_rocket","texture":"9cJEnmjzRPILokPRwyhO8i","rect":[204,1304,204,202],"offset":[0,0],"originalSize":[204,202],"capInsets":[0,0,0,0]}},{"__type__":"cc.SpriteFrame","content":{"name":"popup-popup_title_01","texture":"9cJEnmjzRPILokPRwyhO8i","rect":[0,520,556,69],"offset":[0,0],"originalSize":[556,69],"rotated":1,"capInsets":[0,0,0,0]}},{"__type__":"cc.SpriteFrame","content":{"name":"element_page-status_icon_bomb","texture":"9cJEnmjzRPILokPRwyhO8i","rect":[518,1912,131,115],"offset":[0,0],"originalSize":[131,115],"rotated":1,"capInsets":[0,0,0,0]}},{"__type__":"cc.SpriteFrame","content":{"name":"btn-btn_fire_n","texture":"9cJEnmjzRPILokPRwyhO8i","rect":[1214,547,153,142],"offset":[0,0],"originalSize":[153,142],"rotated":1,"capInsets":[0,0,0,0]}},{"__type__":"cc.SpriteFrame","content":{"name":"battle-shoot_b","texture":"9cJEnmjzRPILokPRwyhO8i","rect":[895,1139,164,164],"offset":[0,0],"originalSize":[164,164],"capInsets":[0,0,0,0]}},{"__type__":"cc.Texture2D","content":"0,9729,9729,33071,33071,0"},{"__type__":"cc.SpriteFrame","content":{"name":"element_icon-icon_treasure","texture":"9cJEnmjzRPILokPRwyhO8i","rect":[704,737,204,202],"offset":[0,0],"originalSize":[204,202],"capInsets":[0,0,0,0]}},{"__type__":"cc.SpriteFrame","content":{"name":"element_page-rune_leaf","texture":"9cJEnmjzRPILokPRwyhO8i","rect":[1944,1250,86,78],"offset":[0,0],"originalSize":[86,78],"capInsets":[0,0,0,0]}},{"__type__":"cc.SpriteFrame","content":{"name":"element_icon-menu_icon_store","texture":"9cJEnmjzRPILokPRwyhO8i","rect":[501,1139,200,200],"offset":[0,0],"originalSize":[200,200],"capInsets":[0,0,0,0]}},{"__type__":"cc.SpriteFrame","content":{"name":"btn-btn_thunder_n","texture":"9cJEnmjzRPILokPRwyhO8i","rect":[1506,1552,153,142],"offset":[0,0],"originalSize":[153,142],"capInsets":[0,0,0,0]}},{"__type__":"cc.SpriteFrame","content":{"name":"element_icon-icon_bomb","texture":"9cJEnmjzRPILokPRwyhO8i","rect":[1817,0,204,202],"offset":[0,0],"originalSize":[204,202],"capInsets":[0,0,0,0]}},{"__type__":"cc.SpriteFrame","content":{"name":"btn-btn_flag_n","texture":"9cJEnmjzRPILokPRwyhO8i","rect":[1214,700,153,142],"offset":[0,0],"originalSize":[153,142],"capInsets":[0,0,0,0]}},{"__type__":"cc.SpriteFrame","content":{"name":"common-loading_bg","texture":"9cJEnmjzRPILokPRwyhO8i","rect":[408,1834,208,78],"offset":[0,0],"originalSize":[208,78],"capInsets":[0,0,0,0]}},{"__type__":"cc.SpriteFrame","content":{"name":"element_icon-icon_missile","texture":"9cJEnmjzRPILokPRwyhO8i","rect":[0,1506,204,202],"offset":[0,0],"originalSize":[204,202],"capInsets":[0,0,0,0]}},{"__type__":"cc.SpriteFrame","content":{"name":"btn-btn_medal_n","texture":"9cJEnmjzRPILokPRwyhO8i","rect":[1327,1410,153,142],"offset":[0,0],"originalSize":[153,142],"capInsets":[0,0,0,0]}},{"__type__":"cc.SpriteFrame","content":{"name":"btn-btn_missile_n","texture":"9cJEnmjzRPILokPRwyhO8i","rect":[1480,1268,153,142],"offset":[0,0],"originalSize":[153,142],"capInsets":[0,0,0,0]}},{"__type__":"cc.SpriteFrame","content":{"name":"common-shop_tab_n","texture":"9cJEnmjzRPILokPRwyhO8i","rect":[401,1912,134,117],"offset":[0,0],"originalSize":[134,117],"rotated":1,"capInsets":[0,0,0,0]}},{"__type__":"cc.SpriteFrame","content":{"name":"element_page-status_icon_rocket","texture":"9cJEnmjzRPILokPRwyhO8i","rect":[1212,1372,131,115],"offset":[0,0],"originalSize":[131,115],"rotated":1,"capInsets":[0,0,0,0]}},{"__type__":"cc.SpriteFrame","content":{"name":"element_page-rune_night","texture":"9cJEnmjzRPILokPRwyhO8i","rect":[1954,1494,86,78],"offset":[0,0],"originalSize":[86,78],"rotated":1,"capInsets":[0,0,0,0]}},{"__type__":"cc.SpriteFrame","content":{"name":"btn-btn_calendar_n","texture":"9cJEnmjzRPILokPRwyhO8i","rect":[895,1303,153,142],"offset":[0,0],"originalSize":[153,142],"capInsets":[0,0,0,0]}},{"__type__":"cc.SpriteFrame","content":{"name":"element_icon-icon_sword","texture":"9cJEnmjzRPILokPRwyhO8i","rect":[704,535,204,202],"offset":[0,0],"originalSize":[204,202],"capInsets":[0,0,0,0]}},{"__type__":"cc.Texture2D","content":"0,9729,9729,33071,33071,0"},{"__type__":"cc.Texture2D","content":"0,9729,9729,33071,33071,0"},{"__type__":"cc.SpriteFrame","content":{"name":"btn-btn_video_n","texture":"9cJEnmjzRPILokPRwyhO8i","rect":[1506,1694,153,142],"offset":[0,0],"originalSize":[153,142],"capInsets":[0,0,0,0]}},{"__type__":"cc.SpriteFrame","content":{"name":"common-count_bg","texture":"9cJEnmjzRPILokPRwyhO8i","rect":[1968,628,74,70],"offset":[0,0],"originalSize":[74,70],"capInsets":[0,0,0,0]}},{"__type__":"cc.SpriteFrame","content":{"name":"btn-btn_yellow_f","texture":"9cJEnmjzRPILokPRwyhO8i","rect":[69,520,358,190],"offset":[0,0],"originalSize":[358,190],"capInsets":[0,0,0,0]}},{"__type__":"cc.SpriteFrame","content":{"name":"btn-btn_list_n","texture":"9cJEnmjzRPILokPRwyhO8i","rect":[1201,984,153,142],"offset":[0,0],"originalSize":[153,142],"capInsets":[0,0,0,0]}},{"__type__":"cc.SpriteFrame","content":{"name":"btn-btn_check_n","texture":"9cJEnmjzRPILokPRwyhO8i","rect":[1140,263,153,142],"offset":[0,0],"originalSize":[153,142],"capInsets":[0,0,0,0]}},{"__type__":"cc.SpriteFrame","content":{"name":"btn-btn_gem_n","texture":"9cJEnmjzRPILokPRwyhO8i","rect":[1356,547,153,142],"offset":[0,0],"originalSize":[153,142],"rotated":1,"capInsets":[0,0,0,0]}},{"__type__":"cc.SpriteFrame","content":{"name":"common-check_on","texture":"9cJEnmjzRPILokPRwyhO8i","rect":[1568,1836,102,102],"offset":[0,0],"originalSize":[102,102],"capInsets":[0,0,0,0]}},{"__type__":"cc.SpriteFrame","content":{"name":"common-switch_point","texture":"9cJEnmjzRPILokPRwyhO8i","rect":[1419,454,110,92],"offset":[0,0],"originalSize":[110,92],"capInsets":[0,0,0,0]}},{"__type__":"cc.SpriteFrame","content":{"name":"element_page-rune_day","texture":"9cJEnmjzRPILokPRwyhO8i","rect":[1053,1966,86,78],"offset":[0,0],"originalSize":[86,78],"capInsets":[0,0,0,0]}},{"__type__":"cc.SpriteFrame","content":{"name":"btn-btn_question_n","texture":"9cJEnmjzRPILokPRwyhO8i","rect":[1687,397,153,142],"offset":[0,0],"originalSize":[153,142],"capInsets":[0,0,0,0]}},{"__type__":"cc.SpriteFrame","content":{"name":"element_icon-icon_level_name_02","texture":"9cJEnmjzRPILokPRwyhO8i","rect":[834,190,284,73],"offset":[0,0],"originalSize":[284,73],"capInsets":[0,0,0,0]}},{"__type__":"cc.SpriteFrame","content":{"name":"btn-btn_more_n","texture":"9cJEnmjzRPILokPRwyhO8i","rect":[1507,984,153,142],"offset":[0,0],"originalSize":[153,142],"capInsets":[0,0,0,0]}},{"__type__":"cc.SpriteFrame","content":{"name":"btn-btn_sword_n","texture":"9cJEnmjzRPILokPRwyhO8i","rect":[1053,1813,153,142],"offset":[0,0],"originalSize":[153,142],"rotated":1,"capInsets":[0,0,0,0]}},{"__type__":"cc.SpriteFrame","content":{"name":"element_page-status_opponent_gage_bg","texture":"9cJEnmjzRPILokPRwyhO8i","rect":[427,804,84,73],"offset":[0,0],"originalSize":[84,73],"rotated":1,"capInsets":[0,0,0,0]}},{"__type__":"cc.SpriteFrame","content":{"name":"btn-btn_target_n","texture":"9cJEnmjzRPILokPRwyhO8i","rect":[1353,1552,153,142],"offset":[0,0],"originalSize":[153,142],"capInsets":[0,0,0,0]}},{"__type__":"cc.SpriteFrame","content":{"name":"btn-btn_pause_n","texture":"9cJEnmjzRPILokPRwyhO8i","rect":[1633,1410,153,142],"offset":[0,0],"originalSize":[153,142],"capInsets":[0,0,0,0]}},{"__type__":"cc.SpriteFrame","content":{"name":"btn-btn_backward_n","texture":"9cJEnmjzRPILokPRwyhO8i","rect":[1852,202,153,142],"offset":[0,0],"originalSize":[153,142],"capInsets":[0,0,0,0]}},{"__type__":"cc.SpriteFrame","content":{"name":"btn-btn_profile_n","texture":"9cJEnmjzRPILokPRwyhO8i","rect":[1534,397,153,142],"offset":[0,0],"originalSize":[153,142],"capInsets":[0,0,0,0]}},{"__type__":"cc.SpriteFrame","content":{"name":"battle-circle","texture":"9cJEnmjzRPILokPRwyhO8i","rect":[1670,1836,100,100],"offset":[0,0],"originalSize":[100,100],"capInsets":[0,0,0,0]}},{"__type__":"cc.SpriteFrame","content":{"name":"btn-btn_setting_n","texture":"9cJEnmjzRPILokPRwyhO8i","rect":[1813,912,153,142],"offset":[0,0],"originalSize":[153,142],"capInsets":[0,0,0,0]}},{"__type__":"cc.SpriteFrame","content":{"name":"btn-btn_category_n","texture":"9cJEnmjzRPILokPRwyhO8i","rect":[987,263,153,142],"offset":[0,0],"originalSize":[153,142],"capInsets":[0,0,0,0]}},{"__type__":"cc.SpriteFrame","content":{"name":"element_page-status_gage_common","texture":"9cJEnmjzRPILokPRwyhO8i","rect":[0,1983,34,64],"offset":[0,0],"originalSize":[34,64],"rotated":1,"capInsets":[0,0,0,0]}},{"__type__":"cc.SpriteFrame","content":{"name":"btn-btn_restart_n","texture":"9cJEnmjzRPILokPRwyhO8i","rect":[1673,681,153,142],"offset":[0,0],"originalSize":[153,142],"rotated":1,"capInsets":[0,0,0,0]}},{"__type__":"cc.SpriteFrame","content":{"name":"btn-btn_mail_open_n","texture":"9cJEnmjzRPILokPRwyhO8i","rect":[610,1603,153,142],"offset":[0,0],"originalSize":[153,142],"rotated":1,"capInsets":[0,0,0,0]}},{"__type__":"cc.SpriteFrame","content":{"name":"btn-btn_life_n","texture":"9cJEnmjzRPILokPRwyhO8i","rect":[1363,842,153,142],"offset":[0,0],"originalSize":[153,142],"capInsets":[0,0,0,0]}},{"__type__":"cc.SpriteFrame","content":{"name":"element_icon-menu_icon_mission","texture":"9cJEnmjzRPILokPRwyhO8i","rect":[631,939,200,200],"offset":[0,0],"originalSize":[200,200],"capInsets":[0,0,0,0]}},{"__type__":"cc.SpriteFrame","content":{"name":"element_page-status_you_user_profile","texture":"9cJEnmjzRPILokPRwyhO8i","rect":[1550,0,267,255],"offset":[0,0],"originalSize":[267,255],"capInsets":[0,0,0,0]}},{"__type__":"cc.SpriteFrame","content":{"name":"btn-btn_coin_n","texture":"9cJEnmjzRPILokPRwyhO8i","rect":[1113,405,153,142],"offset":[0,0],"originalSize":[153,142],"capInsets":[0,0,0,0]}},{"__type__":"cc.SpriteFrame","content":{"name":"btn-btn_notification_n","texture":"9cJEnmjzRPILokPRwyhO8i","rect":[1633,1268,153,142],"offset":[0,0],"originalSize":[153,142],"capInsets":[0,0,0,0]}},{"__type__":"cc.SpriteFrame","content":{"name":"btn-btn_stop_n","texture":"9cJEnmjzRPILokPRwyhO8i","rect":[911,1882,153,142],"offset":[0,0],"originalSize":[153,142],"rotated":1,"capInsets":[0,0,0,0]}},{"__type__":"cc.SpriteFrame","content":{"name":"element_page-btn_add_n","texture":"9cJEnmjzRPILokPRwyhO8i","rect":[1966,918,66,66],"offset":[0,0],"originalSize":[66,66],"capInsets":[0,0,0,0]}},{"__type__":"cc.SpriteFrame","content":{"name":"element_icon-icon_shield","texture":"9cJEnmjzRPILokPRwyhO8i","rect":[0,1708,204,202],"offset":[0,0],"originalSize":[204,202],"capInsets":[0,0,0,0]}},{"__type__":"cc.SpriteFrame","content":{"name":"element_icon-menu_icon_setting","texture":"9cJEnmjzRPILokPRwyhO8i","rect":[831,939,200,200],"offset":[0,0],"originalSize":[200,200],"capInsets":[0,0,0,0]}},{"__type__":"cc.SpriteFrame","content":{"name":"btn-btn_camera_n","texture":"9cJEnmjzRPILokPRwyhO8i","rect":[834,263,153,142],"offset":[0,0],"originalSize":[153,142],"capInsets":[0,0,0,0]}},{"__type__":"cc.SpriteFrame","content":{"name":"btn-btn_forward_n","texture":"9cJEnmjzRPILokPRwyhO8i","rect":[1266,405,153,142],"offset":[0,0],"originalSize":[153,142],"capInsets":[0,0,0,0]}},{"__type__":"cc.SpriteFrame","content":{"name":"btn-btn_skull_n","texture":"9cJEnmjzRPILokPRwyhO8i","rect":[894,1445,153,142],"offset":[0,0],"originalSize":[153,142],"capInsets":[0,0,0,0]}},{"__type__":"cc.SpriteFrame","content":{"name":"element_icon-icon_skull","texture":"9cJEnmjzRPILokPRwyhO8i","rect":[204,1506,204,202],"offset":[0,0],"originalSize":[204,202],"capInsets":[0,0,0,0]}},{"__type__":"cc.SpriteFrame","content":{"name":"btn-btn_gun_n","texture":"9cJEnmjzRPILokPRwyhO8i","rect":[1367,700,153,142],"offset":[0,0],"originalSize":[153,142],"capInsets":[0,0,0,0]}},{"__type__":"cc.SpriteFrame","content":{"name":"common-list_shadow_bottom","texture":"9cJEnmjzRPILokPRwyhO8i","rect":[501,1603,10,109],"offset":[0,0],"originalSize":[10,109],"rotated":1,"capInsets":[0,0,0,0]}},{"__type__":"cc.SpriteFrame","content":{"name":"btn-btn_hourglass_n","texture":"9cJEnmjzRPILokPRwyhO8i","rect":[1048,1387,153,142],"offset":[0,0],"originalSize":[153,142],"capInsets":[0,0,0,0]}},{"__type__":"cc.SpriteFrame","content":{"name":"battle-rocker_b","texture":"9cJEnmjzRPILokPRwyhO8i","rect":[554,0,280,280],"offset":[0,0],"originalSize":[280,280],"capInsets":[0,0,0,0]}},{"__type__":"cc.SpriteFrame","content":{"name":"btn-btn_strength_n","texture":"9cJEnmjzRPILokPRwyhO8i","rect":[1047,1671,153,142],"offset":[0,0],"originalSize":[153,142],"capInsets":[0,0,0,0]}},{"__type__":"cc.SpriteFrame","content":{"name":"btn-btn_share_n","texture":"9cJEnmjzRPILokPRwyhO8i","rect":[701,1331,153,142],"offset":[0,0],"originalSize":[153,142],"capInsets":[0,0,0,0]}},{"__type__":"cc.SpriteFrame","content":{"name":"element_page-status_opponent_user_frame","texture":"9cJEnmjzRPILokPRwyhO8i","rect":[554,280,267,255],"offset":[0,0],"originalSize":[267,255],"capInsets":[0,0,0,0]}},[{"__type__":"cc.SceneAsset","_name":"cover","scene":{"__id__":1},"asyncLoadAssets":null},{"__type__":"cc.Scene","_name":"New Node","_children":[{"__id__":2},{"__id__":21}],"_anchorPoint":{"__type__":"cc.Vec2"},"_scale":{"__type__":"cc.Vec3","x":0.2923583984375,"y":0.2923583984375,"z":1},"autoReleaseAssets":false},{"__type__":"cc.Node","_name":"Canvas","_parent":{"__id__":1},"_children":[{"__id__":3},{"__id__":4},{"__id__":5},{"__id__":11},{"__id__":12},{"__id__":14},{"__id__":19}],"_components":[{"__type__":"cc.Canvas","node":{"__id__":2},"_fitWidth":true,"_fitHeight":false},{"__type__":"4f34bz8w9hPYZzNyN98rOUR","node":{"__id__":2},"connectStatusTxt":{"__id__":20},"userNameEdit":{"__id__":18}}],"_contentSize":{"__type__":"cc.Size","width":960,"height":640},"_position":{"__type__":"cc.Vec3","x":480,"y":320},"_scale":{"__type__":"cc.Vec3","x":1,"y":1,"z":1},"_id":"48rN6RUWZALpfTDIkIhoIN"},{"__type__":"cc.Node","_name":"bg","_parent":{"__id__":2},"_level":1,"_components":[{"__type__":"cc.Sprite","node":{"__id__":3},"_spriteFrame":{"__uuid__":"5e4I4jEMxNbbtfMLGdHZom"},"_sizeMode":0}],"_contentSize":{"__type__":"cc.Size","width":960,"height":640},"_scale":{"__type__":"cc.Vec3","x":1,"y":1,"z":1}},{"__type__":"cc.Node","_name":"title_bg","_parent":{"__id__":2},"_level":1,"_components":[{"__type__":"cc.Sprite","node":{"__id__":4},"_spriteFrame":{"__uuid__":"51TV0XpzhF8Z3NZcMogHpu"},"_type":1,"_sizeMode":0},{"__type__":"cc.Widget","node":{"__id__":4},"_alignFlags":17}],"_contentSize":{"__type__":"cc.Size","width":1920,"height":324},"_position":{"__type__":"cc.Vec3","y":239},"_scale":{"__type__":"cc.Vec3","x":0.5,"y":0.5,"z":1}},{"__type__":"cc.Node","_name":"head","_parent":{"__id__":2},"_children":[{"__id__":6},{"__id__":7}],"_level":1,"_components":[{"__type__":"cc.Widget","node":{"__id__":5},"_alignFlags":1}],"_position":{"__type__":"cc.Vec3","y":320},"_scale":{"__type__":"cc.Vec3","x":1,"y":1,"z":1}},{"__type__":"cc.Node","_name":"btn_setting","_parent":{"__id__":5},"_level":2,"_components":[{"__type__":"cc.Sprite","node":{"__id__":6},"_spriteFrame":{"__uuid__":"db63t0qv9GM4p/Pzo3kpyX"}},{"__type__":"cc.Button","node":{"__id__":6},"_N$transition":3,"transition":3}],"_contentSize":{"__type__":"cc.Size","width":200,"height":200},"_position":{"__type__":"cc.Vec3","x":419,"y":-40},"_scale":{"__type__":"cc.Vec3","x":0.5,"y":0.5,"z":1}},{"__type__":"cc.Node","_name":"gem_panel","_parent":{"__id__":5},"_children":[{"__id__":8},{"__id__":9},{"__id__":10}],"_level":2,"_components":[{"__type__":"cc.Sprite","node":{"__id__":7},"_spriteFrame":{"__uuid__":"3b6QmfAOpOK5n8Nl4+RQXB"},"_type":1}],"_contentSize":{"__type__":"cc.Size","width":358,"height":190},"_position":{"__type__":"cc.Vec3","x":-122,"y":-35},"_scale":{"__type__":"cc.Vec3","x":0.5,"y":0.5,"z":1}},{"__type__":"cc.Node","_name":"gem_panel_bg1","_parent":{"__id__":7},"_level":2,"_components":[{"__type__":"cc.Sprite","node":{"__id__":8},"_spriteFrame":{"__uuid__":"06RAb4QX9E+Li0EuZGLsxZ"},"_type":1,"_sizeMode":0}],"_contentSize":{"__type__":"cc.Size","width":358,"height":190},"_scale":{"__type__":"cc.Vec3","x":0.96,"y":0.96,"z":1}},{"__type__":"cc.Node","_name":"gem","_parent":{"__id__":7},"_level":2,"_components":[{"__type__":"cc.Sprite","node":{"__id__":9},"_spriteFrame":{"__uuid__":"02LnO330RNbpf7k5QfhMdu"},"_sizeMode":0}],"_contentSize":{"__type__":"cc.Size","width":65,"height":53},"_position":{"__type__":"cc.Vec3","x":-205},"_scale":{"__type__":"cc.Vec3","x":1.5,"y":1.5,"z":1}},{"__type__":"cc.Node","_name":"gem_panel_label","_parent":{"__id__":7},"_level":2,"_components":[{"__type__":"cc.Label","node":{"__id__":10},"_useOriginalSize":false,"_string":"996.9966","_N$string":"996.9966","_N$horizontalAlign":1,"_N$verticalAlign":1}],"_contentSize":{"__type__":"cc.Size","width":166.84,"height":40},"_scale":{"__type__":"cc.Vec3","x":1,"y":1,"z":1}},{"__type__":"cc.Node","_name":"Main Camera","_parent":{"__id__":2},"_level":1,"_components":[{"__type__":"cc.Camera","node":{"__id__":11},"_clearFlags":7,"_depth":-1}],"_scale":{"__type__":"cc.Vec3","x":1,"y":1,"z":1}},{"__type__":"cc.Node","_name":"button","_parent":{"__id__":2},"_children":[{"__id__":13}],"_level":1,"_components":[{"__type__":"cc.Sprite","node":{"__id__":12},"_spriteFrame":{"__uuid__":"f0BIwQ8D5Ml7nTNQbh1YlS"},"_type":1,"_sizeMode":0},{"__type__":"cc.Button","node":{"__id__":12},"clickEvents":[{"__type__":"cc.ClickEvent","target":{"__id__":2},"_componentId":"4f34bz8w9hPYZzNyN98rOUR","handler":"onClickEla"}],"_N$transition":2,"transition":2,"_N$normalColor":{"__type__":"cc.Color","r":255,"g":255,"b":255},"_N$pressedColor":{"__type__":"cc.Color","r":255,"g":255,"b":255},"pressedColor":{"__type__":"cc.Color","r":255,"g":255,"b":255},"_N$disabledColor":{"__type__":"cc.Color","r":255,"g":255,"b":255},"_N$normalSprite":{"__uuid__":"f0BIwQ8D5Ml7nTNQbh1YlS"},"_N$pressedSprite":{"__uuid__":"e97GVMl6JHh5Ml5qEDdSGa"},"pressedSprite":{"__uuid__":"e97GVMl6JHh5Ml5qEDdSGa"},"_N$hoverSprite":{"__uuid__":"f0BIwQ8D5Ml7nTNQbh1YlS"},"hoverSprite":{"__uuid__":"f0BIwQ8D5Ml7nTNQbh1YlS"},"_N$disabledSprite":{"__uuid__":"29FYIk+N1GYaeWH/q1NxQO"},"_N$target":{"__id__":12}}],"_contentSize":{"__type__":"cc.Size","width":200,"height":80},"_position":{"__type__":"cc.Vec3","x":308,"y":9},"_scale":{"__type__":"cc.Vec3","x":1,"y":1,"z":1}},{"__type__":"cc.Node","_name":"Label","_parent":{"__id__":12},"_components":[{"__type__":"cc.Label","node":{"__id__":13},"_useOriginalSize":false,"_string":"授权登陆","_N$string":"授权登陆","_lineHeight":80,"_enableWrapText":false,"_N$horizontalAlign":1,"_N$verticalAlign":1,"_N$overflow":1}],"_color":{"__type__":"cc.Color"},"_contentSize":{"__type__":"cc.Size","width":200,"height":80},"_scale":{"__type__":"cc.Vec3","x":1,"y":1,"z":1}},{"__type__":"cc.Node","_name":"editbox","_parent":{"__id__":2},"_children":[{"__id__":15},{"__id__":16},{"__id__":17}],"_level":1,"_components":[{"__id__":18},{"__type__":"cc.Widget","node":{"__id__":14},"_alignFlags":18}],"_contentSize":{"__type__":"cc.Size","width":320,"height":80},"_scale":{"__type__":"cc.Vec3","x":1,"y":1,"z":1}},{"__type__":"cc.Node","_name":"BACKGROUND_SPRITE","_parent":{"__id__":14},"_level":2,"_components":[{"__type__":"cc.Sprite","node":{"__id__":15},"_spriteFrame":{"__uuid__":"2dTmSPS+xNFL3qElBjHCJT"},"_type":1,"_sizeMode":0}],"_contentSize":{"__type__":"cc.Size","width":320,"height":80},"_scale":{"__type__":"cc.Vec3","x":1,"y":1,"z":1}},{"__type__":"cc.Node","_name":"TEXT_LABEL","_parent":{"__id__":14},"_active":false,"_level":2,"_components":[{"__type__":"cc.Label","node":{"__id__":16},"_lineHeight":70,"_enableWrapText":false,"_N$verticalAlign":1,"_N$overflow":1}],"_contentSize":{"__type__":"cc.Size","width":318,"height":80},"_anchorPoint":{"__type__":"cc.Vec2","y":1},"_position":{"__type__":"cc.Vec3","x":-158,"y":40},"_scale":{"__type__":"cc.Vec3","x":1,"y":1,"z":1}},{"__type__":"cc.Node","_name":"PLACEHOLDER_LABEL","_parent":{"__id__":14},"_level":2,"_components":[{"__type__":"cc.Label","node":{"__id__":17},"_string":"Enter text here...","_N$string":"Enter text here...","_fontSize":20,"_lineHeight":80,"_enableWrapText":false,"_N$horizontalAlign":1,"_N$verticalAlign":1,"_N$overflow":1}],"_color":{"__type__":"cc.Color","r":187,"g":187,"b":187},"_contentSize":{"__type__":"cc.Size","width":318,"height":80},"_anchorPoint":{"__type__":"cc.Vec2","y":1},"_position":{"__type__":"cc.Vec3","x":-158,"y":40},"_scale":{"__type__":"cc.Vec3","x":1,"y":1,"z":1}},{"__type__":"cc.EditBox","node":{"__id__":14},"_useOriginalSize":false,"_N$backgroundImage":{"__uuid__":"2dTmSPS+xNFL3qElBjHCJT"},"_N$returnType":4,"_N$inputMode":6,"_N$fontSize":40,"_N$lineHeight":70,"_N$placeholderFontColor":{"__type__":"cc.Color","r":187,"g":187,"b":187},"_N$maxLength":13},{"__type__":"cc.Node","_name":"connectStatusTxt","_parent":{"__id__":2},"_level":1,"_components":[{"__id__":20}],"_contentSize":{"__type__":"cc.Size","width":404.73,"height":80},"_scale":{"__type__":"cc.Vec3","x":1,"y":1,"z":1}},{"__type__":"cc.Label","node":{"__id__":19},"_useOriginalSize":false,"_string":"Connecting","_N$string":"Connecting","_fontSize":80,"_lineHeight":80,"_N$horizontalAlign":1,"_N$verticalAlign":1},{"__type__":"cc.Node","_name":"EventCenter","_parent":{"__id__":1},"_level":1,"_components":[{"__type__":"c4f78QsTt1HhJeB/zwwX6t7","node":{"__id__":21}},{"__type__":"cc.AudioSource","node":{"__id__":21},"_clip":{"__uuid__":"f3Aa4HhhBPxr1FidLOCM0v"},"_loop":true,"playOnLoad":true,"preload":true}],"_scale":{"__type__":"cc.Vec3","x":1,"y":1,"z":1},"_id":"97ThBGDnxHzaR1mTrQR/SP"}],{"__type__":"cc.Texture2D","content":"0,9729,9729,33071,33071,0"},{"__type__":"cc.SpriteFrame","content":{"name":"element_icon-icon_gun","texture":"9cJEnmjzRPILokPRwyhO8i","rect":[500,535,204,202],"offset":[0,0],"originalSize":[204,202],"capInsets":[0,0,0,0]}},{"__type__":"cc.SpriteFrame","content":{"name":"element_icon-icon_level_name_03","texture":"9cJEnmjzRPILokPRwyhO8i","rect":[1118,190,284,73],"offset":[0,0],"originalSize":[284,73],"capInsets":[0,0,0,0]}},{"__type__":"cc.SpriteFrame","content":{"name":"btn-btn_shield_n","texture":"9cJEnmjzRPILokPRwyhO8i","rect":[752,1602,153,142],"offset":[0,0],"originalSize":[153,142],"rotated":1,"capInsets":[0,0,0,0]}},{"__type__":"cc.SpriteFrame","content":{"name":"default_btn_pressed","texture":"b4P/PCArtIdIH38t6mlw8Y","rect":[0,0,40,40],"offset":[0,0],"originalSize":[40,40],"capInsets":[12,12,12,12]}},{"__type__":"cc.SpriteFrame","content":{"name":"element_page-status_you_gage_color","texture":"9cJEnmjzRPILokPRwyhO8i","rect":[519,1097,18,42],"offset":[0,0],"originalSize":[18,42],"capInsets":[0,0,0,0]}},{"__type__":"cc.SpriteFrame","content":{"name":"btn-btn_warning_n","texture":"9cJEnmjzRPILokPRwyhO8i","rect":[1659,1694,153,142],"offset":[0,0],"originalSize":[153,142],"capInsets":[0,0,0,0]}},{"__type__":"cc.SpriteFrame","content":{"name":"btn-btn_recent_n","texture":"9cJEnmjzRPILokPRwyhO8i","rect":[1498,546,153,142],"offset":[0,0],"originalSize":[153,142],"rotated":1,"capInsets":[0,0,0,0]}},{"__type__":"cc.SpriteFrame","content":{"name":"default_btn_normal","texture":"e8Ueib+qJEhL6mXAHdnwbi","rect":[0,0,40,40],"offset":[0,0],"originalSize":[40,40],"capInsets":[12,12,12,12]}},{"__type__":"cc.SpriteFrame","content":{"name":"popup-popup_btn_f","texture":"9cJEnmjzRPILokPRwyhO8i","rect":[408,1102,264,93],"offset":[0,0],"originalSize":[264,93],"rotated":1,"capInsets":[0,0,0,0]}},{"__type__":"cc.SpriteFrame","content":{"name":"battle-thunder_a","texture":"9cJEnmjzRPILokPRwyhO8i","rect":[1870,1845,100,100],"offset":[0,0],"originalSize":[100,100],"capInsets":[0,0,0,0]}},{"__type__":"cc.AudioClip","_name":"bg","_native":".mp3"},{"__type__":"cc.SpriteFrame","content":{"name":"btn-btn_magnetic_n","texture":"9cJEnmjzRPILokPRwyhO8i","rect":[1332,1126,153,142],"offset":[0,0],"originalSize":[153,142],"capInsets":[0,0,0,0]}},{"__type__":"cc.SpriteFrame","content":{"name":"btn-btn_shop_n","texture":"9cJEnmjzRPILokPRwyhO8i","rect":[758,1755,153,142],"offset":[0,0],"originalSize":[153,142],"rotated":1,"capInsets":[0,0,0,0]}},{"__type__":"cc.SpriteFrame","content":{"name":"btn-btn_plus_n","texture":"9cJEnmjzRPILokPRwyhO8i","rect":[1786,1268,153,142],"offset":[0,0],"originalSize":[153,142],"capInsets":[0,0,0,0]}},{"__type__":"cc.SpriteFrame","content":{"name":"common-shop_tab_f","texture":"9cJEnmjzRPILokPRwyhO8i","rect":[284,1910,134,117],"offset":[0,0],"originalSize":[134,117],"rotated":1,"capInsets":[0,0,0,0]}},{"__type__":"cc.SpriteFrame","content":{"name":"element_page-status_you_gage_bg","texture":"9cJEnmjzRPILokPRwyhO8i","rect":[1968,768,84,73],"offset":[0,0],"originalSize":[84,73],"rotated":1,"capInsets":[0,0,0,0]}}]